pronz.RepeatExercise$,000-repeat,nl0003_lms,صباح الخير۔,SabaaH il-Kheyr,Good morning.
pronz.RepeatExercise$,001-repeat,nl0004_ams,كيف الصحة؟,keef iS-SaHa?,How is your health?
pronz.RepeatExercise$,002-repeat,nl0005_lms,مسا الخير۔,masaa il-Kheyr,Good evening.
pronz.RepeatExercise$,003-repeat,nl0006_ams,كيفَك؟,keefak?,How are you?
pronz.RepeatExercise$,004-repeat,nl0007_lms,الحمد الله منيح، كيفَك انتِ؟,il-Hamdula mneeH keefak intey?,I'm fine, thanks, and you?
pronz.RepeatExercise$,005-repeat,nl0008_lms,نشكر الله، بخير۔,nushkor al-la bKheyr,Fine, thank God.
pronz.RepeatExercise$,006-repeat,nl0009_lms,شو اسمك؟,shoo ismak?,What's your name?
pronz.RepeatExercise$,007-repeat,nl0010_ams,أنا اسمي جان۔,ana ismee jaan,My name is John.
pronz.RepeatExercise$,008-repeat,nl0011_lms,تشرّفنا۔,tshar-rafna,Nice to meet you.
pronz.RepeatExercise$,009-repeat,nl0012_lms,أهلا وسهلا فيك۔,ahla wasahla feek,Welcome.
pronz.RepeatExercise$,010-repeat,nl0013_ams,خاطرك۔,KhaaTrak,Good-bye.
pronz.RepeatExercise$,011-repeat,nl0014_lms,بشوفك بعدين۔,bshoofak ba'deyn,See you later.
pronz.RepeatExercise$,012-repeat,nl0015_lms,بشوفك بُكرا۔,bshoofak bukraa,See you tomorrow.
pronz.RepeatExercise$,013-repeat,nl0016_ams,شكراً۔,shukran,Thank you.
pronz.RepeatExercise$,014-repeat,nl0017_ams,شكراً كتير۔,shukran kteer,Thank you very much.
pronz.RepeatExercise$,015-repeat,nl0018_lms,عفواً، يا أهلين۔,afwan yaa ahleyn,You're welcome.
pronz.RepeatExercise$,016-repeat,nl0019_lms,تفضّل كول، بالهنا انشالله۔,tfaDal kol bilhanaa inshaal-lah,Please eat and enjoy.
pronz.RepeatExercise$,017-repeat,nl0020_ams,اعزرني۔,'zirnee,Excuse me (pardon me).
pronz.RepeatExercise$,018-repeat,nl0021_ams,أنا آسف۔,ana aasif,I'm sorry.
pronz.RepeatExercise$,019-repeat,nl0022_ams,اسمحلي لـ۔۔۔,smaHlee la...,Permit me/allow me to...
pronz.RepeatExercise$,020-repeat,nl0023_lms,هَي الك۔,hay ilak,This is for you.
pronz.RepeatExercise$,021-repeat,nl0024_lms,رجاءً ابلا، هَي الك۔,rajaa-an i-bala hay ilak,Please, accept it. It's yours.
pronz.RepeatExercise$,022-repeat,nl0025_ams,ليش معزّب حالك؟,leysh m'az-zib Haalak,You shouldn't have.
pronz.RepeatExercise$,023-repeat,nl0026_ams,لا، شكراً۔,laa shukran,No, thank you.
pronz.RepeatExercise$,024-repeat,nl0027_ams,ممكن ادخل؟,mumken idKhol?,May I enter?
pronz.RepeatExercise$,025-repeat,nl0028_lms,تفضّل فوت۔,tfaDal foot,Please come in.
pronz.RepeatExercise$,026-repeat,nl0029_lms,لأ، ما بتئدر تدخل۔,la maa bti-der tudKhul,No, you may not enter.
pronz.RepeatExercise$,027-repeat,nl0030_lms,استنّى لو سمحت۔,istan-na law samaHt,Please wait.
pronz.RepeatExercise$,028-repeat,nl0031_lms,اي۔,ey,Yes.
pronz.RepeatExercise$,029-repeat,nl0032_lms,لأ۔,la,No.
pronz.RepeatExercise$,030-repeat,nl0033_lms,طيب۔,Tay-yeb,Okay.
pronz.RepeatExercise$,031-repeat,nl0034_lms,يمكن۔,yimken,Maybe.
pronz.RepeatExercise$,032-repeat,nl0035_lms,مو مشكلة۔,moo mshkleh,No problem.
pronz.RepeatExercise$,033-repeat,nl0036_ams,انتِ جاهز؟,intey jaahez?,Are you ready?
pronz.RepeatExercise$,034-repeat,nl0038_ams,هادا مزبوط؟,haada mazbooT?,Is this right?
pronz.RepeatExercise$,035-repeat,nl0039_lms,لأ، هادا غلط۔,la- haada ghalaT,No, that's wrong.
pronz.RepeatExercise$,036-repeat,nl0040_ams,مين هالرجّال؟,meen har-rijaal?,Who is this man?
pronz.RepeatExercise$,037-repeat,nl0041_ams,مين هالمرة؟,meen halmara?,Who is this woman?
pronz.RepeatExercise$,038-repeat,nl0042_ams,هاد ابنك؟ /هاي بنتك؟,haad ibnak haay bintak?,Is this your son?/ Is this your daughter?
pronz.RepeatExercise$,039-repeat,nl0043_ams,انتِ متأكِّد؟,intey mit-ak-ked?,Are you sure?
pronz.RepeatExercise$,040-repeat,nl0044_ams,في عندك۔۔۔؟,fee 'indak?,Do you have...?
pronz.RepeatExercise$,041-repeat,nl0045_lms,اي، أنا عندي شوَي۔,ey ana 'indee shway,Yes, I have some.
pronz.RepeatExercise$,042-repeat,nl0046_lms,سحر حدّاد,saHar Had-daad,Sahar Had-daad
pronz.RepeatExercise$,043-repeat,nl0047_lms,فايز عبدالله,faayiz 'abdal-lah,Fayez Abdullah
pronz.RepeatExercise$,044-repeat,nl0048_ams,الأكل هاد تازة؟,l-akil haad taaza?,Is the food fresh?
pronz.RepeatExercise$,045-repeat,nl0049_lms,هالأكل منزوع۔,hal-akil manzoo',This food is spoiled.
pronz.RepeatExercise$,046-repeat,nl0050_ams,هاي لحمة غنم ولاّ لحمة بأر؟,haay laHmit ghanam wil-la laHmit ba-ar?,Is this lamb or beef?
pronz.RepeatExercise$,047-repeat,nl0051_lms,هاي لحمة غنم۔,haay laHmit ghanam,This is lamb meat.
pronz.RepeatExercise$,048-repeat,nl0052_ams,شو نوع هالفاكهة؟,shoo no' hal-faakhaa?,What kind of fruit is this?
pronz.RepeatExercise$,049-repeat,nl0053_lms,هادا مشمش۔,haadaa mushmush,This is apricot.
pronz.RepeatExercise$,050-repeat,nl0054_lms,بدّك كمان؟,bid-dak kamaan?,Would you like some more?
pronz.RepeatExercise$,051-repeat,nl0055_ams,لأ، شكراً، شبعت۔,la- shukran shbi'it,No, thank you, I am full.
pronz.RepeatExercise$,052-repeat,nl0056_ams,شكراً، الأكل كان كتير طيب۔,shukran il-akil kaan kteer Tayib,Thank you, the food was very good.
pronz.RepeatExercise$,053-repeat,nl0057_lms,اشراب شاي۔,shraab shaay,Have some tea.
pronz.RepeatExercise$,054-repeat,nl0058_ams,هالمَي صالحة  للشرب؟,halmaay SaalHa lash-shirib?,Is this water safe to drink?
pronz.RepeatExercise$,055-repeat,nl0059_lms,لازم تغلي المَي۔,laazim tighlee lmaay,You need to boil the water.
pronz.RepeatExercise$,056-repeat,nl0060_ams,بدنا مَي صالحة للشرب۔,bidna maay SaalHa lash-shirib,We need potable water.
pronz.RepeatExercise$,057-repeat,nl0061_ams,وين بئدر غسّل ايديّي؟,weyn bi-der ghas-sil eedeeyi?,Where can I wash my hands?
pronz.RepeatExercise$,058-repeat,nl0062_ams,وين الحمّام؟,weyn il Ham-maam?,Where is the latrine?
pronz.RepeatExercise$,059-repeat,nl0066_ams,أنا ما بحكي سوري۔,ana maa biHkee sooree,I don't speak Syrian.
pronz.RepeatExercise$,060-repeat,nl0067_ams,شو بتحكي؟,shoo btiHkee?,What language do you speak?
pronz.RepeatExercise$,061-repeat,nl0068_lms,أنا بحكي عربي۔,ana biHkee 'arabee,I speak Arabic.
pronz.RepeatExercise$,062-repeat,nl0069_lms,أنا بحكي فرنسي۔,ana biHkee faransee,I speak French.
pronz.RepeatExercise$,063-repeat,nl0070_ams,عم تفهَم؟,'am tifhaam?,Do you understand?
pronz.RepeatExercise$,064-repeat,nl0071_lms,أنا ما عم بفهم۔,ana maa 'am bifham,I don't understand.
pronz.RepeatExercise$,065-repeat,nl0072_ams,احكي على مهلك إزا بتريد۔,Hkee 'ala mahlak iza bitreed,Please speak slowly.
pronz.RepeatExercise$,066-repeat,nl0073_ams,عيد لو سمحت۔,'eed law samaHt,Please repeat.
pronz.RepeatExercise$,067-repeat,nl0074_lms,أنا بدّي مترجم۔,ana bid-dee mtarjem,I need an interpreter.
pronz.RepeatExercise$,068-repeat,nl0075_ams,المترجم جايي۔,limtajim jaaye,The interpreter is coming.
pronz.RepeatExercise$,069-repeat,nl0076_ams,وين المترجم؟,weyn limtarjem?,Where is the interpreter?
pronz.RepeatExercise$,070-repeat,nl0077_lms,ما بعرِف۔,maa ba'ref,I don't know.
pronz.RepeatExercise$,071-repeat,nl0078_ams,تباع أوامرنا!,tbaa' awaamirna!,Follow our orders!
pronz.RepeatExercise$,072-repeat,nl0079_ams,وئّف!,wa-ef!,Stop!
pronz.RepeatExercise$,073-repeat,nl0080_ams,وئّف وإلاّ بأوصَك!,wa-ef wa-il-la b-awsak!,Stop or I'll shoot!
pronz.RepeatExercise$,074-repeat,nl0081_ams,لا تأوّص!,laa t-awes!,Don't shoot!
pronz.RepeatExercise$,075-repeat,nl0082_ams,نزّل سلاحك!,naz-zel slaaHak!,Put your weapon down!
pronz.RepeatExercise$,076-repeat,nl0083_ams,رمي سلاحك!,rmee slaaHak!,Drop your weapon!
pronz.RepeatExercise$,077-repeat,nl0084_ams,رفاع إيديك!,rfaa' eedeyk!,Hands up!
pronz.RepeatExercise$,078-repeat,nl0085_ams,استسلم!,staslem!,Surrender!
pronz.RepeatExercise$,079-repeat,nl0086_ams,تعا لهون!,ta'aa lahon!,Come here!
pronz.RepeatExercise$,080-repeat,nl0087_ams,روح!,rooH!,Go!
pronz.RepeatExercise$,081-repeat,nl0088_ams,تحرّك عاليمين!,tHar-rak 'alyameen!,Move to the right!
pronz.RepeatExercise$,082-repeat,nl0089_ams,تحرّك عاليسار!,tHar-rak 'alyasaar!,Move to the left!
pronz.RepeatExercise$,083-repeat,nl0090_ams,انبطح!,inbuTeH!,Lie down!
pronz.RepeatExercise$,084-repeat,nl0091_ams,أووم!,oom!,Get up!
pronz.RepeatExercise$,085-repeat,nl0092_ams,لا تتحرّك!,laa titHar-rak!,Don't move!
pronz.RepeatExercise$,086-repeat,nl0093_ams,وين؟,weyn?,Where?
pronz.RepeatExercise$,087-repeat,nl0094_lms,هُنيك۔,huneek,There.
pronz.RepeatExercise$,088-repeat,nl0095_ams,إيمتا؟,eymtaa?,When?
pronz.RepeatExercise$,089-repeat,nl0096_lms,اليوم المسا۔,lyom lmasaa,Tonight.
pronz.RepeatExercise$,090-repeat,nl0097_ams,مين؟,meen?,Who?
pronz.RepeatExercise$,091-repeat,nl0098_ams,مين المسؤول؟,meen lmas-ool?,Who is in charge?
pronz.RepeatExercise$,092-repeat,nl0099_lms,هوّة المسؤول۔,hoowey lmas-ool,He is in charge.
pronz.RepeatExercise$,093-repeat,nl0100_lms,مين انتِ؟,meen intey?,Who are you?
pronz.RepeatExercise$,094-repeat,nl0101_ams,نحنا قوات التحالف۔,niHnaa quwaat it-taHaaluf,We are coalition forces.
pronz.RepeatExercise$,095-repeat,nl0102_ams,شو؟,shoo?,What?
pronz.RepeatExercise$,096-repeat,nl0103_ams,شو هاد؟,shoo haad?,What is this?
pronz.RepeatExercise$,097-repeat,nl0104_lms,هاي قنبلة يدوية۔,haay qunbley yadaweeyey,This is a grenade.
pronz.RepeatExercise$,098-repeat,nl0105_ams,ليش؟,leysh?,Why?
pronz.RepeatExercise$,099-repeat,nl0106_ams,بدّك___؟,bid-dak__?,Do you need ___?
pronz.RepeatExercise$,100-repeat,nl0107_ams,ممكن حدا يساعدنا؟,mumken Hada yisaa'idna?,Can someone assist us?
pronz.RepeatExercise$,101-repeat,nl0108_ams,وين المطار؟,weyn ilmaTaar?,Where is the airfield?
pronz.RepeatExercise$,102-repeat,nl0109_ams,وين مخيّم العدو؟,weyn muKhay-yam il'adoo?,Where is the enemy camp?
pronz.RepeatExercise$,103-repeat,nl0110_ams,في عندك زخيرة؟,fee 'indak zaKheera?,Do you have any ammunition?
pronz.RepeatExercise$,104-repeat,nl0111_lms,المخزن تبعي فاضي۔,il-maKhzan taba'ee faaDee,My magazine is empty.
pronz.RepeatExercise$,105-repeat,nl0112_lms,وين السَكَنات؟,weyn is-sakanaat?,Where are the barracks?
pronz.RepeatExercise$,106-repeat,nl0113_ams,أريب من القاعدة۔,areeb min ilqaa'idey,Near the base.
pronz.RepeatExercise$,107-repeat,nl0114_ams,مين القائد تبعك؟,meen ilqaa-ed taba'ak?,Who is your leader?
pronz.RepeatExercise$,108-repeat,nl0115_lms,هوّة القائد تبعنا۔,hoowey ilqaa-ed taba'naa,He is our commander.
pronz.RepeatExercise$,109-repeat,nl0116_ams,شو رتبتك؟,shoo ritibtak?,What's your rank?
pronz.RepeatExercise$,110-repeat,nl0117_ams,انتِ جندي؟,intey jindee?,Are you a soldier?
pronz.RepeatExercise$,111-repeat,nl0118_lms,أنا ضابط۔,ana DaabeT,I'm an officer.
pronz.RepeatExercise$,112-repeat,nl0119_ams,انتبه من المتفجرات.,intibeh mnil mutafajiraat,Watch out for explosives.
pronz.RepeatExercise$,113-repeat,nl0120_ams,انتبه من القنّاصين۔,intibeh mnil qan-naaSeen,Beware of snipers.
pronz.RepeatExercise$,114-repeat,nl0121_ams,انصُب الخيمة تبعك هون۔,nSob ilKheymey taba'ak hon,Put your tent up here.
pronz.RepeatExercise$,115-repeat,nl0122_ams,خلّيك مع وحدتك۔,Khal-leek ma' wiHidtak,Stay with your unit.
pronz.RepeatExercise$,116-repeat,nl0124_ams,ما عندي ليرات۔,maa 'indee leyraat,I don't have any liras.
pronz.RepeatExercise$,117-repeat,nl0125_ams,أدّيش؟,ad-deysh?,How much?
pronz.RepeatExercise$,118-repeat,nl0126_lms,بخمس (٥) ليرات۔,bKhams leyraat,It's five (5) liras.
pronz.RepeatExercise$,119-repeat,nl0127_ams,في عندك كمان؟,fee 'indak kamaan?,Do you have more?
pronz.RepeatExercise$,120-repeat,nl0128_lms,هادا كل اللي عندي۔,haada kil il-lee 'indee,This is all I have.
pronz.RepeatExercise$,121-repeat,nl0129_ams,فيني المسا؟,feenee ilmisaa?,May I touch this?
pronz.RepeatExercise$,122-repeat,nl0130_lms,لاتلمِس۔,laa tlmes,Do not touch.
pronz.RepeatExercise$,123-repeat,nl0131_ams,عندك فراطة؟,'indak fraaTa?,Do you have change?
pronz.RepeatExercise$,124-repeat,nl0132_lms,بدّي المبلغ المزبوط۔,bid-dee lmablagh lmazbooT,I need exact change.
pronz.RepeatExercise$,125-repeat,nl0133_ams,هاي صفقة منيحة۔,haay Safqa mneeHa,That's a good deal.
pronz.RepeatExercise$,126-repeat,nl0134_ams,راح آخد هَديك إزا بتريد۔,raaH aakhod hadeek iza bitreed,I'll take that, please.
pronz.RepeatExercise$,127-repeat,nl0135_ams,هالمبلغ مزبوط؟,halmablagh mazbooT?,Is this the correct amount?
pronz.RepeatExercise$,128-repeat,nl0136_lms,هالمصاري ما بتكفّي۔,halmaSaaree ma bitkaf-fee,That's not enough.
pronz.RepeatExercise$,129-repeat,nl0137_ams,هادا كتير غالي۔,haada kteer ghaalee,That's too expensive.
pronz.RepeatExercise$,130-repeat,nl0138_lms,اليوم۔,ilyom,Today.
pronz.RepeatExercise$,131-repeat,nl0139_lms,بُكرا۔,bukra,Tomorrow.
pronz.RepeatExercise$,132-repeat,nl0140_lms,مبارحة۔,mbaarHa,Yesterday.
pronz.RepeatExercise$,133-repeat,nl0141_ams,أدّيش الساعة؟,ad-deysh is-saa'a?,What time is it?
pronz.RepeatExercise$,134-repeat,nl0142_lms,الساعة وحدة (١)۔,is-saa'a wiHdey,It's one (1) o'clock.
pronz.RepeatExercise$,135-repeat,nl0143_lms,الساعة تلاتة ونص (٣:٣٠)۔,is-saa'a tlaatey oo-nuS,It's half past three (3:30).
pronz.RepeatExercise$,136-repeat,nl0144_ams,هلأ أنا مشغول۔,hal-la- ana mashghool,I'm busy right now.
pronz.RepeatExercise$,137-repeat,nl0145_lms,بشوفك عن أريب۔,bshoofak 'an areeb,See you soon.
pronz.RepeatExercise$,138-repeat,nl0146_ams,خلّينا نتآبل بعدين۔,Khal-leena nit-aabal ba'deyn,Let's meet later.
pronz.RepeatExercise$,139-repeat,nl0147_lms,بشوفك بعد ساعة۔,bshoofak ba'id saa'a,I'll see you in an hour.
pronz.RepeatExercise$,140-repeat,nl0148_ams,أدّيش صارلك بالجيش؟,ad-deysh Saarlak bij-jeysh?,How long have you been in the military?
pronz.RepeatExercise$,141-repeat,nl0149_lms,من سنة ألف وتسعمية وسبعة وتسعين (١٩٩٧)۔,min sint alf ootisi'meeyey oosab'a ootis'een,Since 1997.
pronz.RepeatExercise$,142-repeat,nl0150_lms,إيمتا الإجتماع؟,eymta il-ijteemaa'?,When is the briefing?
pronz.RepeatExercise$,143-repeat,nl0151_lms,أدّيش طَوّل الإجتماع؟,ad-deysh Taw-wal il-ijteemaa'?,How long was the meeting?
pronz.RepeatExercise$,144-repeat,nl0152_ams,ساعتين۔,saa'teyn,Two hours.
pronz.RepeatExercise$,145-repeat,nl0153_ams,لازم نعمل مواقع  للمخازن مشان الإمدادات بالمنطقة۔,laazem na'mel mawaaqi' lalmaKhaazin meshaan il-imdaadaat bilmanTiqa,We have to set up storage locations for supply materials in the area.
pronz.RepeatExercise$,146-repeat,nl0154_ams,في سكك حديد بهالمنطقة؟,fee sikak Hadeed bihalmanTiqa?,Are there any railroad tracks in this area?
pronz.RepeatExercise$,147-repeat,nl0155_lms,أئرب سكة حديد بتمر جوّه البلد۔,a-rab siket Hadeed bitmur joowa lblaad,The nearest railroad tracks run through the city.
pronz.RepeatExercise$,148-repeat,nl0156_ams,في عندكُن وسائل مواصلات بهالمنطقة؟,fee 'indkun wasaa-el muwaaSalaat bihalmanTiqa?,Do you have transportation facilities in this area?
pronz.RepeatExercise$,149-repeat,nl0157_lms,في عنّا باصات وتكاسي ومكروباصات وترينات۔,fee 'an-naa baaSaat ootakaasee oomikrobaaSaat ootreynaat,We have access to buses, taxis, auto rickshaws, and trains.
pronz.RepeatExercise$,150-repeat,nl0158_ams,ممكن استعمال هالطرءات بالشتة؟,mumkin isti'maal haT-Tur-aat bish-shitey?,Can you use these roads during the winter?
pronz.RepeatExercise$,151-repeat,nl0159_lms,بالشتة الطرءات بتكون مجمّدة وخطرة۔,bish-shitey iT-Tur-aat bitkoon mjam-madey ooKhTra,In the winter the roads can be icy and dangerous.
pronz.RepeatExercise$,152-repeat,nl0160_ams,في شركات للشاحنات أريبة من هون؟,fee shirkaat lash-shaaHinaat areebey min hon?,Are there trucking companies nearby?
pronz.RepeatExercise$,153-repeat,nl0161_lms,في شركة شاحنات وحدة بمدينتا۔,fee shirkit shaaHeenaat wiHdey bmadeenitnaa,There is one trucking company in our town.
pronz.RepeatExercise$,154-repeat,nl0162_ams,في عندكُن أي آليات لإنشاء الطرءات وتصليحا؟,fee 'indkun aay aaleeyaat la-inshaa-iT-Tur-aat ootaSleeHa?,Do you have any machinery for road-building and repair?
pronz.RepeatExercise$,155-repeat,nl0163_lms,معدّاتنا أديمة۔,mu'id-daatnaa adeemey,Our equipment is out of date.
pronz.RepeatExercise$,156-repeat,nl0164_ams,مين المسؤول عن تصليح الطرءات؟,meen ilmas-ool 'an taSleeH iT-Tur-aat?,Who is in charge of repairing the roads?
pronz.RepeatExercise$,157-repeat,nl0165_lms,البلدية هيّة المسؤولة عن تصليح الطرءات۔,ilbaladeeyey heeyey ilmas-ooley 'an taSleeH iT-Tur-aat,The city is responsible for repairing the roads.
pronz.RepeatExercise$,158-repeat,nl0166_ams,نحنا راح نوفرلكُن مساعدة لإنشاء الطرءات بهالمنطقة۔,niHna raaH nwafirilkun musaa'adey la-inshaa- iT-Tur-aat bihalmanTiqa,We will provide assistance in building roads at this location.
pronz.RepeatExercise$,159-repeat,nl0167_ams,شو حدود الوزن لهالطريء؟,shoo Hdood ilwazin lahaT-Taree-?,What is the weight limit of this road?
pronz.RepeatExercise$,160-repeat,nl0168_ams,في هون مطارات أريبة؟,fee hon maTaaraat areebey?,Are there any airports nearby?
pronz.RepeatExercise$,161-repeat,nl0169_lms,في عنّا مطار واحد رئيسي وتنين زغار بالمنطئة۔,fee 'an-naa maTaar waaHed ra-eesee ootneyn zghaar bil-manTi-a,We have one major airport and two smaller airports in the area.
pronz.RepeatExercise$,162-repeat,nl0170_ams,في ساحات لهبوط الطيارات الزغيرة أريبة من هون؟,fee saaHaat lahubooT iT-Tayaaraat iz-zgheerey areebey min hon?,Are there any landing fields for smaller aircraft nearby?
pronz.RepeatExercise$,163-repeat,nl0171_lms,في ساحة للهبوط بشمال المطار۔,fee saaHa lalhubooT bishmaal ilmaTaar,There is a landing field just north of the airport.
pronz.RepeatExercise$,164-repeat,nl0172_ams,في عجأة سيارات كتيرة بهالمنطئة؟,fee 'aj-et sayaaraat kteerey bihalmanTi-a?,Is the traffic heavy in this area?
pronz.RepeatExercise$,165-repeat,nl0173_lms,اي، هالمنطئة فيها عجأة سير كتير۔,ey, hal manTi-a feehaa 'aj-et seyr kteer,Yes, this is a high-traffic area.
pronz.RepeatExercise$,166-repeat,nl0174_ams,فيك تحَصّل خريطة طرءات لهالمنطقة؟,feek tHaS-Sel KhareeTit Tur-aat la halmanTiqa?,Can you provide a road map of this area?
pronz.RepeatExercise$,167-repeat,nl0175_lms,اي، في عنّا خريطة محلية بتورجي  الطرءات الرئيسية والفرعية۔,ey, fee 'an-naa KhareeTa maHaleeyey bitwarjee iT-Tur-aat ir-ra-eeseeyey oolfar'eeyey,Yes, we have a local map showing major and minor roads.
pronz.RepeatExercise$,168-repeat,nl0176_ams,في باصات أو ترينات بتسافر لأماكن تانية؟,fee  baaSaat aw treynaat bitsaafer la-amaaken taanyey?,Are there bus lines or trains to travel to other places?
pronz.RepeatExercise$,169-repeat,nl0177_lms,في باصات وترينات بتسافر بكل سوريا۔,fee baaSaat ootreynaat bitsaafir bikil sooreeya,There are buses and trains that travel throughout Syria.
pronz.RepeatExercise$,170-repeat,nl0178_ams,في عندكُن تكاسي؟,fee 'indkun takaasee?,Are there taxis?
pronz.RepeatExercise$,171-repeat,nl0179_lms,التكاسي  موجودة بالمناطئ اللي فيا زحمة كتير۔,it-takaasee mawjoodey bilmanaaTe-  il-lee feeyaa zaHmey kteer,Taxis are available in high-traffic areas.
pronz.RepeatExercise$,172-repeat,nl0180_ams,كم واحد عندو وسيلة مواصلات بهالمنطقة؟,kam waaHed 'indo waseelit muwaaSalaat bihalmanTiqa?,How many people own motor vehicles in this area?
pronz.RepeatExercise$,173-repeat,nl0181_lms,تأريباً تلت السكّان عندُن وسيلة مواصلات۔,ta-reeban tilt is-sukaan 'andun waseelit muwaaSalaat,Approximately one-third of the residents own a motor vehicle.
pronz.RepeatExercise$,174-repeat,nl0182_lms,بالمدن الزغيرة كتير من الناس بيستعملوا الموتورسيكلات۔,bil-mudun il-lizgheerey kteer mnin naas byista'mloo ilmotorseklaat,In smaller towns, many people use motorcycles.
pronz.RepeatExercise$,175-repeat,nl0183_lms,شو لازم ساوي إزا هجموا عالقافلة؟,shoo laazim saawee iza hajamoo 'alqaafiley?,What should I do if the convoy is attacked?
pronz.RepeatExercise$,176-repeat,nl0184_ams,لا توئّف إزا هجموا عالقافلة۔,laa twa-ef iza hajamoo 'alqaafiley,Do not stop if the convoy is attacked.
pronz.RepeatExercise$,177-repeat,nl0185_lms,أدّيش لازم سوء أبل ما وئّف؟,ad-deysh laazem soo- abel maa wa-ef?,How far should I drive before stopping?
pronz.RepeatExercise$,178-repeat,nl0186_ams,سوء أئل شي تلاتة كيلومتر أبل ما توئّف۔,soo- a-al shee tlaatey keelomitir abil maa twa-ef,Drive a minimum of three kilometers before stopping.
pronz.RepeatExercise$,179-repeat,nl0187_lms,شو هيّة المسافة عَ طريئ الأوتوستراد المفتوح؟,shoo heeyey ilmasaafey 'a Taree- il-otostraad ilmaftooH?,What is the following distance on the open highway?
pronz.RepeatExercise$,180-repeat,nl0188_ams,المسافة هيّة ميت(١٠٠) متر عالطريء السريع المفتوح۔,il-masaafey heeyeh meet mitir 'aT-Taree-is-saree' ilmaftooH,Following distance is 100 meters on the open highway.
pronz.RepeatExercise$,181-repeat,nl0189_ams,لما توئّف بالشارع، خلي مسافة كافية بين السيارات مشان تئدر تسوء حولا إزا انطلب منك۔,lam-ma twa-ef bish-shaare', Khal-lee masaafey kaafyey beyn is-sayaaraat mshaan ti-der tsoo- Hola iza nTalab min-nak,When stopped on the road, keep enough space between vehicles to drive around if required.
pronz.RepeatExercise$,182-repeat,nl0190_ams,الأسلحة ممنوعة۔,il-asliHa mamnoo'a,No weapons.
pronz.RepeatExercise$,183-repeat,nl0191_ams,إزا ماعدت شفت القافلة، خفّف السرعة ولحاء الشاحنة العسكرية التانية اللي راح تمرُء۔,iza maa 'idt shift ilqaafiley, Khaf-fif is-sir'a wilHaa- ish-shaaHiney il'askareeyey it-taanyey il-lee raaH tumro,If you lose sight of the convoy, slow down and follow the next military truck that passes.
pronz.RepeatExercise$,184-repeat,nl0192_ams,ضروري كتير انّك تعرف كيف تغيّر الدواليب وتخلّي عندك العدّة اللازمة۔,Darooree kteer in-nak ta'ref keef tghay-yer id-dawaaleeb witKhalee 'indak il'id-dey il-laazmey,It is important to know how to change tires and have the proper tools.
pronz.RepeatExercise$,185-repeat,nl0193_ams,ممنوع رمي الفضلات والزبالة بالمعسكرات وبأماكن الأعدة۔,mamnoo' ramee ilfaDlaat wizbaaley bilmu'askaraat wib-amaakin il-a'dey,No littering or dumping trash in military camps or staging areas.
pronz.RepeatExercise$,186-repeat,nl0194_lms,شو بعمل  لو تعطّلت الشاحنة؟,shoo bi'mel law ta'aT-Talet ish-shaaHineh?,What if a truck breaks down?
pronz.RepeatExercise$,187-repeat,nl0195_ams,سوء حول أي شاحنة عطلانة بالقافلة۔,soo- Hawl aay shaaHiney 'aTlaaney bilqaafiley,Drive around any broken-down truck in the convoy.
pronz.RepeatExercise$,188-repeat,nl0196_lms,إيمتا بعبّي سيارتي بانزين؟,eymtaa b'ab-bee sayaartee baanzeen?,When do I fuel my vehicle?
pronz.RepeatExercise$,189-repeat,nl0197_ams,عبّي سيارتك  بانزين كل مرة بتوئّف السيارة۔,ab-bee sayaartak baanzeen kil mar-ra bitwa-ef is-sayaara,Fuel your vehicle every time vehicle stops.
pronz.RepeatExercise$,190-repeat,nl0198_ams,في أكل ببعض المخيّمات العسكرية لمّا يكون موجود۔,fee akil biba'eD ilmuKhay-yamaat il'askareeyey lam-ma ykoon mawjood,Food is provided at some military camps when available.
pronz.RepeatExercise$,191-repeat,nl0199_lms,شو لازم جيب معي عالقافلة؟,shoo laazim jeeb ma'ee 'al-qaafiley?,What should I bring on the convoy?
pronz.RepeatExercise$,192-repeat,nl0200_ams,جيب معك أكل ومَي كتير۔,jeeb ma'ak akil oomaay kteer,Bring plenty of food and water with you.
pronz.RepeatExercise$,193-repeat,nl0201_lms,شو بعمل لو اضطريت وئف والقافلة كمّلت من دوني؟,shoo ba'mel law iDTareyt wa-ef wilqaafiley kam-malet min doonee?,What if I have to stop and the convoy continues without me?
pronz.RepeatExercise$,194-repeat,nl0202_ams,إزا اضطرّيت توئّف لأي سبب والقافلة راح تكمّل، استنّى العسكر ليساعدوك۔,iza DTareyt twa-ef la-aay sabab wilqaafiley raaH itkam-mel stan-na il'askar laysaa'dook,If you have to stop for any reason and the convoy continues, wait for help from the military.
pronz.RepeatExercise$,195-repeat,nl0203_lms,شو راح يساووا العسكر إزا القافلة راح تكمّل بدون سيارتي؟,shoo raH yisaawoo il'askar iza ilqaafiley raH tkam-mel bidoon sayaartee?,What will the military do if the convoy continues without my vehicle?
pronz.RepeatExercise$,196-repeat,nl0204_ams,هنّة راح يرافؤوك ويرجعوك للموقع۔,hin-ney raaH yiraaf-ook wiraj'ook lalmawqe',They will escort you back into position.
pronz.RepeatExercise$,197-repeat,nl0205_ams,ممنوع الخناء والجدل مع أي شوفير آخر على مكان بالقافلة۔,mamnoo' liKhnaa- wiljadal ma' aay shoofeyr aaKhar 'ala makaan bilqifiley,No fighting or arguing with any other driver over your position in the convoy.
pronz.RepeatExercise$,198-repeat,nl0206_ams,سوء برتل أحادي۔,soo- biratil uHaadee,Drive in a single line.
pronz.RepeatExercise$,199-repeat,nl0207_lms,لازم أنا ساعد الشاحنة المنزوعة؟,laazim ana saa'id ish-shaaHiney ilmanzoo'a?,Should I assist a broken-down truck?
pronz.RepeatExercise$,200-repeat,nl0208_ams,شوفيرية الرافعة لازم يكونوا مستعدين ليوأفوا ويساعدوا الشاحنات العطلانة۔,shoofereeyit ir-raaf'a laazim ykoonoo musta'ideen leywa-foo wiysaa'doo ish-shaaHinaat il'aTlaaney,Bobtail drivers should be prepared to stop and assist broken-down trucks.
pronz.RepeatExercise$,201-repeat,nl0209_lms,شو ساوي إزا كان عندي مشكلة مع سوّاء تاني؟,shoo sawee iza kaan 'indee mishikley ma' saw-waa- taanee?,What if I have a problem with another driver?
pronz.RepeatExercise$,202-repeat,nl0210_ams,بلّغ قائد القافلة عن أي مشكلة بتصير مع بئيّة الشوفيرية۔,bal-legh qaa-id il-qaafiley 'an aay mishikley bitSeer ma' ba-eeyit ish-shoofereeyey,Report any problems with other drivers to the convoy commander.
pronz.RepeatExercise$,203-repeat,nl0211_ams,ممنوع تعاطي المخدّرات أو المشروبات الكحولية وانتِ عم تسوء۔,mamnoo' ta'aaTee lmuKhadaraat aw lmashroobaat lkuHooleeyey w-intey 'am bitsoo-,No drug or alcohol use while driving.
pronz.RepeatExercise$,204-repeat,nl0212_ams,الشوفير هوّة المسؤول عن الحمولات، الحبال ، السلاسل والدواليب۔,ish-shoofeyr hoowey lmas-ool 'an ilHumoolaat ilHibaal is-salaasel wid-dawaaleeb,Loads, straps, chains, and tires are the driver's responsibility.
pronz.RepeatExercise$,205-repeat,nl0213_ams,شو بتعني إشارة المرور هاي؟,shoo bti'nee eeshaaret ilmuroor haay?,What does this traffic sign mean?
pronz.RepeatExercise$,206-repeat,nl0214_lms,هاي إشارة الطريء۔,haay eeshaaret iT-Taree-,It's a street sign.
pronz.RepeatExercise$,207-repeat,nl0215_ams,شو حدود السرعة؟,shoo Hdood is-sir'a?,What is the speed limit?
pronz.RepeatExercise$,208-repeat,nl0216_lms,السرعة ستين كيلو متر بالساعة۔,is-sir'a  siteen keelomitir bis-saa'a,It's 60 kilometers per hour.
pronz.RepeatExercise$,209-repeat,nl0217_lms,ممكن لف وارجع من هون؟,mumkin lif oo-irja' min hon?,Can I make a U-turn here?
pronz.RepeatExercise$,210-repeat,nl0218_ams,لأ، هالطريء باتجاه واحد۔,la- haT-Taree- bitijaah waaHed,No, it's one way.
pronz.RepeatExercise$,211-repeat,nl0219_lms,ليش عم ندور؟,leysh 'am ndoor?,Why are we turning around?
pronz.RepeatExercise$,212-repeat,nl0220_ams,الطريء هاد غلط۔,iT-Taree haad ghalaT,This is the wrong way.
pronz.RepeatExercise$,213-repeat,nl0221_ams,اتّبع السرعة القانونية۔,tibe' is-sir'a ilqaanooneeyey,Obey the speed limit.
pronz.RepeatExercise$,214-repeat,nl0222_ams,اتّبع إشارات المرور۔,tibe' ishaaraat ilmuroor,Obey traffic signs.
pronz.RepeatExercise$,215-repeat,nl0223_ams,خفّف لتعطي طريء للسيارات الجاية۔,Khafef lata'Tee Taree- las-sayaaraat ij-jaayey,Yield to oncoming traffic.
pronz.RepeatExercise$,216-repeat,nl0224_ams,الطريء مسدود۔,iTaree- masdood,Road closed.
pronz.RepeatExercise$,217-repeat,nl0225_ams,انتبه!,intibeh!,Pay attention!
pronz.RepeatExercise$,218-repeat,nl0226_ams,ادخل!,dKhol!,Enter
pronz.RepeatExercise$,219-repeat,nl0227_ams,خطر!,KhaTar!,Danger!
pronz.RepeatExercise$,220-repeat,nl0228_ams,كيف حالة خزانات المي تبعكن؟,keef Haalit Khazaanaat ilmaay taba'kun?,What is the condition of your water supply?
pronz.RepeatExercise$,221-repeat,nl0229_lms,المي ملوّسة۔,ilmaay mlawasey,It is contaminated.
pronz.RepeatExercise$,222-repeat,nl0230_ams,المرافق أريبة من هون؟,ilmaraafeq areebey min hon?,Is the facility nearby?
pronz.RepeatExercise$,223-repeat,nl0231_lms,في مصنع كهربا أريب۔,fee maSna' kahrabaa areeb,There is a power plant near the river.
pronz.RepeatExercise$,224-repeat,nl0232_lms,فيك تصلّح المجاري؟,feek tSaliH ilmajaaree?,Could you fix our sewage system?
pronz.RepeatExercise$,225-repeat,nl0233_ams,نحنا راح نحاول نعالج هالمشكلة۔,niHna raaH nHaawel n'aalej halmishikley,We will try to fix the problem.
pronz.RepeatExercise$,226-repeat,nl0234_ams,انتِ مع مين حكيت لتحديد المشكلة؟,intey ma' meen Hakeyt lataHdeed ilmishikley?,Who have you contacted to assess the problem?
pronz.RepeatExercise$,227-repeat,nl0235_lms,المفتش جاية۔,ilimfatish jaayey,An inspector is coming.
pronz.RepeatExercise$,228-repeat,nl0236_ams,عندكُن طبيب بيطري؟,'indkon Tabeeb bayTaree?,Is there a veterinarian?
pronz.RepeatExercise$,229-repeat,nl0237_ams,كم شخص بيشتغل عَ هالنزام؟,kam shaKhiS byishtighel 'a han-nizaam?,How many people operate the system?
pronz.RepeatExercise$,230-repeat,nl0238_lms,ما عم بيشتغل۔,maa 'am byishtighel,It is not functioning.
pronz.RepeatExercise$,231-repeat,nl0239_ams,كم شخص بيعيش بهالمنطئة؟,kam shaKhiS bi'eesh bihalmanTa-a?,How many people live in this area?
pronz.RepeatExercise$,232-repeat,nl0240_ams,كيف حالة معدات الغاز الطبيعي تبعكُن؟,keef Haalet ma'adaat ilghaaz iT-Tabee'ee taba'kun?,What is the status of your natural gas supply?
pronz.RepeatExercise$,233-repeat,nl0241_ams,من وين بتحصلوا عالكهربا؟,min weyn btiHSaloo 'alkahrabaa?,Where do you get your electricity?
pronz.RepeatExercise$,234-repeat,nl0242_lms,الأطيع اللي بيرعى بهالمنطئة في عليه خطر۔,il-aTee' il-lee byir'a bihalmanT-a fee 'aley KhaTar,The herds that graze in this area are in danger.
pronz.RepeatExercise$,235-repeat,nl0243_ams,شو المشاكل اللي بتواجها هالحارة اللي منئدر نساعدكن فيا؟,shoo lmashaakel il-lee bitwaajhaa halHaara il-lee mni-der nsaa'idkun feeyaa?,What problems in the neighborhood can we help you with?
pronz.RepeatExercise$,236-repeat,nl0244_lms,عنّا مشكلة المي والتدفئة۔,'an-naa mshkilt ilmaay wit-tadfi-a,We have trouble with our water and heating systems.
pronz.RepeatExercise$,237-repeat,nl0245_ams,كم بير مي عندكن بهالمنطئة؟,kam beer maay 'indkun bhalmanTa-a?,How many water wells are there in the area?
pronz.RepeatExercise$,238-repeat,nl0246_ams,كيف بتصل المي عالبيوت؟,keef btiSal ilmaay 'alibyoot?,How is water supplied to households?
pronz.RepeatExercise$,239-repeat,nl0247_lms,في محطة ضخ أريبة من النهر۔,fee maHaTit DaKh areebey min in-nahir,There is a pumping station near the river.
pronz.RepeatExercise$,240-repeat,nl0248_ams,المي معالجة بمواد كيماوية؟,lmaay m'aalajey bmawaad keemaaweeyey?,Is the water treated with chemicals?
pronz.RepeatExercise$,241-repeat,nl0249_lms,لأ، المي نضيفة بطريئة الترسيب۔,la- lmaay nDeefey biTaree-it it-tarseeb,No, the water is cleaned with sedimentation.
pronz.RepeatExercise$,242-repeat,nl0250_ams,عندكن مجاري جوة؟,'indkun majaaree joowaa?,Do you have indoor plumbing?
pronz.RepeatExercise$,243-repeat,nl0251_lms,عنّا دورة مياه۔,'an-naa dawrit meeyaah,We have latrines.
pronz.RepeatExercise$,244-repeat,nl0252_ams,أدّيش بتبعد دورات المياه عن أبيار المي؟,ad-deysh btb'ud dawraat lmeeyaah 'an abyaar lmaay?,How far is the latrine from the water well?
pronz.RepeatExercise$,245-repeat,nl0253_lms,كتير بعيدة۔,kteer b'eedey,It is far away.
pronz.RepeatExercise$,246-repeat,nl0254_ams,بتستعملو الغاز للطبخ  والتدفئة؟,btista'mloo lghaaz laT-TabiKh wit-tadfi-a?,Is gas used for cooking and heating?
pronz.RepeatExercise$,247-repeat,nl0255_lms,اي، في أنابيب غاز أريبة من هون۔,ey fee anaabeeb ghaaz areebey min hon,Yes, there are gas pipes near here.
pronz.RepeatExercise$,248-repeat,nl0256_ams,بتستعملوا خزّانات غاز البروبين؟,btista'mloo Khaz-zanaat ghaaz lipropeyn?,Do you use propane tanks?
pronz.RepeatExercise$,249-repeat,nl0257_lms,اي، اللي بيزوّدنا بالمواد أريب عالمعمل۔,ey il-lee bizaw-widna bilmawaad areeb 'al ma'mal,Yes, the supplier is near the factory.
pronz.RepeatExercise$,250-repeat,nl0258_ams,كم راديو وكم تلفزيون في بهالمنطئة؟,kam raadyo ookam talfizyon fee bhalmanTa-a?,How many radios and TVs are in this area?
pronz.RepeatExercise$,251-repeat,nl0259_lms,أغلب البيوت عندُن راديو بس أليل عندُن تلفزيون۔,aghlab libyoot 'andun raadyo bas aleel 'andun tilfizyon,Though most houses have a radio, very few have a TV.
pronz.RepeatExercise$,252-repeat,nl0260_ams,عندكُن نزام عام للإعلانات؟,'indkun nizaam 'aam lal-i'laanaat?,Do you have a public announcement system?
pronz.RepeatExercise$,253-repeat,nl0261_lms,في مكرفون بالسوء۔,fee makrifon bis-soo-,There is a loudspeaker in the marketplace.
pronz.RepeatExercise$,254-repeat,nl0262_ams,وين بتعلؤوا الإعلانات؟,weyn bit'al-oo l-i'laanaat?,Where do you post announcements?
pronz.RepeatExercise$,255-repeat,nl0263_lms,ما عنّا مكان خاص مشان نعلّئ الإعلانات۔,maa 'an-naa makaan KhaaS mshaan n'al-le- l-i'laanaat,We don't have one central place to post announcements.
pronz.RepeatExercise$,256-repeat,nl0264_ams,مين بيوزّع المناشير؟,meen biwaz-ze' lmanaasheer?,Who distributes the fliers?
pronz.RepeatExercise$,257-repeat,nl0265_lms,اللي بيوزّع الجرايد هوّة اللي بيوزّع المناشير۔,il-lee biwaz-ze' ljaraayed hoowey il-lee biwaz-ze' lmanaasheer,The newspaper deliverymen distribute the fliers.
pronz.RepeatExercise$,258-repeat,nl0266_ams,في عندكُن محطّة راديو بهالمنطئة؟,fee 'indkun mHaTit raadyo bhalmanTa-a?,Do you have a radio station in this area?
pronz.RepeatExercise$,259-multirefrepeat,nl0267_lms,في عنّا محطة راديو محلية إرسالا كتير أوي۔,fee 'an-naa maHaTit raadyo maHaliyey irsaala kteer awee,We have one local radio station with a strong signal.
pronz.RepeatExercise$,260-repeat,nl0268_ams,من وين بتشتروا الجريدة؟,min weyn btishitroo ljareedey?,Where do you buy a newspaper?
pronz.RepeatExercise$,261-repeat,nl0269_ams,في  جريدة محلية هون؟,fee jareedey maHaliyey hon?,Is there a local newspaper?
pronz.RepeatExercise$,262-repeat,nl0270_ams,بيجيكُن مناشير؟,biyeejeekun manaasheer?,Do you receive fliers?
pronz.RepeatExercise$,263-repeat,nl0271_ams,في ممثل لوكالة الأنباء أريب من هون؟,fee mumathil lawakaalit l-anbaa- areeb min hon?,Is there a news agency representative nearby?
pronz.RepeatExercise$,264-repeat,nl0272_ams,في مكتب استعلامات هون؟,fee maktab isti'laamaat hon?,Is there an information center?
pronz.RepeatExercise$,265-repeat,nl0273_ams,مين صادَر الأرض؟,meen Saadar l-arD?,Who confiscated the land?
pronz.RepeatExercise$,266-repeat,nl0274_lms,الحكومة أخدت الأرض۔,liHkoomey aKhdet l-arD,The government took the land.
pronz.RepeatExercise$,267-repeat,nl0275_ams,مين ساكن بالمزرعة هلأّ؟,meen saaken bilmazra'a hala-?,Who now occupies your farm?
pronz.RepeatExercise$,268-repeat,nl0276_lms,القبيلة المعارضة ساكنتا۔,ilqabeeley ilmu'aariDey saakintaa,The opposing tribe occupies it.
pronz.RepeatExercise$,269-repeat,nl0277_ams,معك مستندات؟,ma'ak mustanadaat?,Do you have documentation?
pronz.RepeatExercise$,270-repeat,nl0278_lms,لأ، رئيس القبيلة أخدا۔,la-, ra-ees lqabeeley aKhada,No, the tribal leader took it away.
pronz.RepeatExercise$,271-repeat,nl0279_lms,فيك تساعدني لرجّع أرضي؟,feek tsaa'idnee laraj-je' arDee?,Can you help me get my land back?
pronz.RepeatExercise$,272-repeat,nl0280_ams,راح اتصل بالسلطات المختصة ليحئّئوا بهالأضية۔,raaH itiSil bis-sulTaat lmuKhtaS-Sa layiHa-i-oo bhal-aDeeyey,I will contact the appropriate authorities to investigate this matter.
pronz.RepeatExercise$,273-repeat,nl0281_ams,لشو عم يستعملوا الأرض حالياً؟,lashoo 'am yista'imloo l-arD Haaleeyan?,What is the land currently used for?
pronz.RepeatExercise$,274-repeat,nl0282_lms,استعملوّا ميدان للمدافع۔,ista'maloowaa meedaan lalmadaafe',It is used as an artillery range.
pronz.RepeatExercise$,275-repeat,nl0283_ams,مين عندو سند الملكية؟,meen 'indo sanad lmilkeeyey?,Who has the title?
pronz.RepeatExercise$,276-repeat,nl0284_ams,لازم تسمح للسلطات المحلية يواصلوا تحئيآتُن۔,laazem tismaH las-sulTaat lmaHaleeyey yiwaaSloo taH-ee-aatun,You must allow the local authorities to conduct their investigation.
pronz.RepeatExercise$,277-repeat,nl0285_ams,لازم تروح عالقاعدة وتحكي مع المترجم۔,laazem trooH 'alqaa'idey ootiHkee ma'a lmutarjim,You must go to the base and speak with an interpreter.
pronz.RepeatExercise$,278-repeat,nl0286_ams,كيف حالة العقار؟,keef Haalet l'iqaar?,What is the condition of the property?
pronz.RepeatExercise$,279-repeat,nl0287_lms,البناية مهدّمة بس مسكونة۔,ilbinaayey mhad-damey bas maskooney,The building is run-down, but occupied.
pronz.RepeatExercise$,280-repeat,nl0288_lms,مع مين بئدر احكي عن الأضرار؟,ma' meen bi-der iHkee 'an l-aDraar?,Who can I talk to about the damage?
pronz.RepeatExercise$,281-repeat,nl0289_ams,خليني عرفك عَ شخص بيئدر يساعدك۔,Khal-leenee 'arfak 'a shaKhiS biye-der yisaa'dak,Let me put you in contact with someone who can help you.
pronz.RepeatExercise$,282-repeat,nl0290_ams,شو صابا سيارتك؟,shoo Saabaa sayaartak?,What happened to your car?
pronz.RepeatExercise$,283-repeat,nl0291_lms,سيارة القوات المدنية أزتلي سيارتي۔,sayaarit lqoowaat lmadaneeyey azitlee sayaartee,A CF (Civilian Forces) vehicle damaged my car.
pronz.RepeatExercise$,284-repeat,nl0292_ams,وينا سيارتك هلأ؟,weynaa sayaartak halaa-?,Where is your car right now?
pronz.RepeatExercise$,285-repeat,nl0293_lms,لسّاتا بمكان الحادس۔,lis-saata bmakaan lHaades,It is still at the location of the accident.
pronz.RepeatExercise$,286-repeat,nl0294_ams,وين صار الحادس؟,weyn Saar lHaades?,Where did the accident happen?
pronz.RepeatExercise$,287-repeat,nl0295_lms,الحادس صار أريب من القرية۔,ilHaades Saar areeb min lqaryey,It happened near the village.
pronz.RepeatExercise$,288-repeat,nl0296_lms,كيف بئدر احصل عَ تعويضات الأضرار؟,keef bi-der iHSal 'a ta'weeDaat l-aDraar?,How can I be compensated?
pronz.RepeatExercise$,289-repeat,nl0297_ams,لتستلم تعويضات الأضرار، لازم تعبّي هالاستمارة۔,latistilem ta'weeDaat l-aDraar laazem t'ab-bee hal-istimaara,In order to be compensated for damages, you must fill out this document.
pronz.RepeatExercise$,290-repeat,nl0298_ams,أرجيني وسيقة تسجيل سيارتك۔,arjeenee waseeqet tasjeel sayaartak,Show me your car registration.
pronz.RepeatExercise$,291-repeat,nl0299_ams,تئدر تجيب سيارتك لهون؟,ti-der tjeeb sayaartak lahon?,Can you bring your car here?
pronz.RepeatExercise$,292-repeat,nl0300_lms,سيارتي عطلانة ما بتشتغل۔,sayaartee 'aTlaaney maa btishtighil,My car is not driveable.
pronz.RepeatExercise$,293-repeat,nl0301_lms,الحادس صار اليوم بعد الضهر۔,lHaades Saar lyom ba'd iD-Duhur,The accident happened this afternoon.
pronz.RepeatExercise$,294-repeat,nl0302_ams,أنا مأدّرلك صبرك۔,aana m-ad-dirlak Sabrak,I appreciate your patience.
pronz.RepeatExercise$,295-repeat,nl0303_ams,عندَك هوية شخصية؟,'indak haweeyey shaKhSeeyey?,Do you have an identity card?
pronz.RepeatExercise$,296-repeat,nl0304_ams,شو اسم القائد تبعكُن؟,shoo isim ilqaa-id taba'kun?,What is your leader's name?
pronz.RepeatExercise$,297-repeat,nl0305_lms,قائدنا اسمو علي۔,qaa-idnaa ismo 'alee,Our leader's name is Ali.
pronz.RepeatExercise$,298-repeat,nl0306_ams,اكتب اسمو إزا بتريد۔,ktob ismo iza bitreed,Please write down his name.
pronz.RepeatExercise$,299-repeat,nl0307_ams,في هون مدارس للأطفال؟,fee hon madaares lal-aTfaal?,Are there schools here for the children?
pronz.RepeatExercise$,300-repeat,nl0308_lms,اي، في مدارس ابتدائي وإعدادي۔,ey fee madaares ibteedaa-ee w-i'daadee,Yes, there are primary and secondary schools.
pronz.RepeatExercise$,301-repeat,nl0309_ams,في بير مي هون؟,fee beer maay hon?,Is there a water well?
pronz.RepeatExercise$,302-repeat,nl0310_lms,اي، البلدة فيا بيرين مي۔,ey ilbaldey feeyaa beereyn maay,Yes, the town has two wells.
pronz.RepeatExercise$,303-repeat,nl0311_ams,في عندكُن مهندسين؟,fee 'indkon mhandseen?,Are there any engineers?
pronz.RepeatExercise$,304-repeat,nl0312_lms,في عدد من المهندسين بالبلدة۔,fee 'adad mnil mhandseen bilbaldey,There are a number of engineers in the town.
pronz.RepeatExercise$,305-repeat,nl0313_ams,في عندكُن شي أساتزة؟,fee 'indkon shee asaatzey?,Are there any teachers?
pronz.RepeatExercise$,306-repeat,nl0314_lms,اي، في أساتزة ابتدائي وإعدادي۔,ey fee asaatizt ibteedaa-ee w-i'daadee,Yes, we have both primary and secondary school teachers.
pronz.RepeatExercise$,307-repeat,nl0315_ams,مين المسؤول عن الأمن العام هون؟,meen ilmas-ool 'an ilamn il'aam hon?,Who is responsible for public safety here?
pronz.RepeatExercise$,308-repeat,nl0316_lms,الإدارة المحليّة هيّة المسؤولة عن الأمانة العامة۔,il-eedaara lmaHaleeyey heeyey lmas-ooley 'anil amaaney l'aam-mey,The local administration is responsible for public safety.
pronz.RepeatExercise$,309-repeat,nl0317_ams,عندكُن معدات لإطفاء الحريء؟,'indkon ma'adaat la-iTfaa- ilHaree-?,Do you have fire-fighting equipment?
pronz.RepeatExercise$,310-repeat,nl0318_lms,ليش وأّفتوني؟,leysh wa-aftoonee?,Why am I being stopped?
pronz.RepeatExercise$,311-repeat,nl0319_ams,انت مخالف قانون ممنوع التجوّل۔,intey mKhaalef qaanoon mamnoo' it-tajawul,You are breaking the curfew.
pronz.RepeatExercise$,312-repeat,nl0320_lms,ليش لازم روح عالبيت؟,leysh laazem rooH 'albeyt?,Why do I need to go home?
pronz.RepeatExercise$,313-repeat,nl0321_ams,كل واحد لازم يكون بالبيت بهالوأت۔,kil waaHed laazem yikoon bilbeyt bhalwa-it,Everyone must be at home at this time.
pronz.RepeatExercise$,314-repeat,nl0322_ams,انتِ مخبّي أي شي ممنوع؟,intey mKhab-bee ay shee mamnoo'?,Are you hiding anything illegal?
pronz.RepeatExercise$,315-repeat,nl0323_lms,أنا مالي مخبّي شي مو قانوني۔,anaa maalee mKhab-bee shee moo qaanoonee,I am not hiding anything illegal.
pronz.RepeatExercise$,316-repeat,nl0324_ams,راح نرافأك لعند أرايبينك۔,raaH nraaf-ak la'ind araaybeenak,We will escort you to your relatives.
pronz.RepeatExercise$,317-repeat,nl0325_ams,انزِل من سيارتك۔,nzel min sayaartak,Get out of your vehicle.
pronz.RepeatExercise$,318-repeat,nl0326_ams,ممكن شوف هويتك لو سمحت؟,mumken shoof haweetak law samaHt?,May I see your ID, please?
pronz.RepeatExercise$,319-repeat,nl0327_ams,أدّيش حامل معك مصاري؟,ad-deysh Haamel ma'ak maSaaree?,How much money are you carrying?
pronz.RepeatExercise$,320-repeat,nl0328_lms,ليش أنا مأبوض عليي؟,leysh anaa ma-booD 'alay-yee?,Why am I being arrested?
pronz.RepeatExercise$,321-repeat,nl0330_ams,لازم ناخدك لمخفر الشرطة۔,laazem naaKhdak lamaKhfar ish-shurTa,We have to take you to the police station.
pronz.RepeatExercise$,322-repeat,nl0331_ams,تئدر تساعدني لإتأكّد من هوية الرجّال؟,ti-der tsaa'idnee la-it-akad min hawee-yet ir-rij-jaal?,Can you help verify the man's identity?
pronz.RepeatExercise$,323-repeat,nl0332_lms,أنا بئدر اتعرّف على هوية الرجّال۔,anaa bi-der it'ar-raf 'ala hawee-yet ir-rij-jaal,I can help verify the man's identity.
pronz.RepeatExercise$,324-repeat,nl0333_ams,من وين جايي؟,min weyn jaayey?,Where are you coming from?
pronz.RepeatExercise$,325-repeat,nl0334_lms,أنا جايي من حلب۔,anaa jaayey min Halab,I am coming from Aleppo.
pronz.RepeatExercise$,326-repeat,nl0335_ams,شو عم تنؤل؟,shoo 'am tin-ol?,What are you transporting?
pronz.RepeatExercise$,327-repeat,nl0336_lms,عم باخد إمدادات لباب توما۔,'am baaKhod imdaadaat labaab tooma,I'm taking supplies to Bab Tuma.
pronz.RepeatExercise$,328-repeat,nl0337_ams,من وين جبت الزخيرة؟,min weyn jibt iz-zaKheera?,Where did you get this ammunition?
pronz.RepeatExercise$,329-repeat,nl0338_lms,هاي تبع أبويي۔,hay taba' abooyee,It belongs to my father.
pronz.RepeatExercise$,330-repeat,nl0339_lms,أدّيش لازم نستنّا مشان نئطع الحدود؟,ad-deysh laazim nistana mshaan ni-Ta' liHdood?,How long is the wait to cross the border?
pronz.RepeatExercise$,331-repeat,nl0340_ams,هلاّ بتاخدلا شي خمسطعشر (۱٥) دئيئة۔,hala- btaaKhidlaa shee KhamsTa'shar da-ee-a,Currently it's taking about fifteen (15) minutes.
pronz.RepeatExercise$,332-repeat,nl0341_lms,بئدر ائطع الحدود؟,bi-dir i-Ta' liHdood?,Can I cross the border?
pronz.RepeatExercise$,333-repeat,nl0342_ams,لأ، نئطة عبور الحدود مسكّرة۔,la- nu-Tet 'uboor liHdood msakra,No, the border crossing station is closed.
pronz.RepeatExercise$,334-repeat,nl0343_ams,طفّي موتور السيارة۔,Tafee motor is-sayaara,Turn off your engine.
pronz.RepeatExercise$,335-repeat,nl0344_ams,فتاح الباب الورّاني إزا بتريد۔,ftaaH lbaab lwar-raanee izaa bitreed,Please unlock the back door.
pronz.RepeatExercise$,336-repeat,nl0345_ams,نحنا راح نحجز عليك ونصادر الشاحنة تبعك۔,niHna raaH niHjoz 'leyk winSaader ish-shaaHiney taba'ak,We are going to detain you and confiscate your truck.
pronz.RepeatExercise$,337-repeat,nl0346_ams,راح نرجّعلك الشاحنة تبعك إزا بتئلنا لمين آخد هالبضاعة۔,raaH nraj-ji'lak ish-shaaHiney taba'ak iza bit-ilnaa lameen aaKheid halbDaa'a,You will get your truck back if you tell us who you are taking this to.
pronz.RepeatExercise$,338-repeat,nl0347_ams,لمين تابعة هالزخيرة؟,lameen taab'a haz-zaKheera?,Who does this ammunition belong to?
pronz.RepeatExercise$,339-repeat,nl0348_ams,صف عَ جنب۔,Suf 'a janab,Pull over.
pronz.RepeatExercise$,340-repeat,nl0349_ams,على مهلك۔,'ala mahlak,Slow down.
pronz.RepeatExercise$,341-repeat,nl0350_ams,وئّف السيارة۔,wa-ef is-sayaara,Stop the vehicle.
pronz.RepeatExercise$,342-repeat,nl0351_ams,جيب سيارتك لهون۔,jeeb sayaartak lahon,Move your vehicle over here.
pronz.RepeatExercise$,343-repeat,nl0352_ams,انزِل من السيارة لو سمحت۔,nzeyl mnis sayaara law samaHt,Please step out of the vehicle.
pronz.RepeatExercise$,344-repeat,nl0353_ams,خلّيك بعيد عن السيارة۔,Khal-leek b'eed 'an is-sayaara,Stay away from the vehicle.
pronz.RepeatExercise$,345-repeat,nl0354_ams,خلّيك هونيك۔,Khal-leek huneek,Stay over there.
pronz.RepeatExercise$,346-repeat,nl0355_ams,خلّيك هون۔,Khal-leek hon,Stay here.
pronz.RepeatExercise$,347-repeat,nl0356_ams,تعا معي۔,ta'a ma'ee,Come with me.
pronz.RepeatExercise$,348-repeat,nl0357_ams,انتِ بعدو۔,intey ba'do,You are next.
pronz.RepeatExercise$,349-repeat,nl0358_ams,تحرّك ببطء۔,tHar-rak bibuTu-,Move slowly.
pronz.RepeatExercise$,350-repeat,nl0359_ams,تحرّك بسرعة۔,tHar-rak bsir'a,Move quickly.
pronz.RepeatExercise$,351-repeat,nl0360_ams,شكلوا رتل۔,shakloo ratil,Form a line.
pronz.RepeatExercise$,352-repeat,nl0361_ams,واحد واحد۔,waaHed waaHed,One at a time.
pronz.RepeatExercise$,353-repeat,nl0362_ams,ارفَع إيديك۔,irfa' eedeyk,Raise your hands.
pronz.RepeatExercise$,354-repeat,nl0363_ams,راح يجي جندي أميركي ويفتشك۔,raaH yijee jindee amerkee wifatshak,An American soldier will come and search you.
pronz.RepeatExercise$,355-repeat,nl0364_ams,لازم نفتشك۔,laazem nfatshak,We must search you.
pronz.RepeatExercise$,356-repeat,nl0365_ams,النسوان واللولاد بهالغرفة۔,in-niswaan wil-loolaad bihalghurfey,Women and children in this room.
pronz.RepeatExercise$,357-repeat,nl0366_ams,رجاءً روحوا لمكان التفتيش الشخصي۔,rajaa-an rooHoo lamakaan it-tafteesh ish-shaKhSee,Please move to the personal search area.
pronz.RepeatExercise$,358-repeat,nl0367_ams,عندَك أوراء ثبوتية؟,'indak awraa- thubooteeyey?,Do you have any identification papers?
pronz.RepeatExercise$,359-repeat,nl0368_lms,مامعي أي هوية۔,maa ma'ee ay haweeyey,I don't have any ID with me.
pronz.RepeatExercise$,360-repeat,nl0369_ams,عندك أي أسلحة؟,'indak ay asliHaa?,Do you have any weapons?
pronz.RepeatExercise$,361-repeat,nl0370_ams,عندك جواز سفر؟,'indak jawaaz safar?,Do you have a passport?
pronz.RepeatExercise$,362-repeat,nl0371_ams,الناس هدول بيئربوك شي؟,in-naas hadol byi-rabook shee?,Are these people related to you?
pronz.RepeatExercise$,363-repeat,nl0372_lms,هدول الناس أهلي۔,hadol in-naas ahlee,These people are my family.
pronz.RepeatExercise$,364-repeat,nl0373_ams,لوين رايح؟,laweyn raayeH?,Where are you going?
pronz.RepeatExercise$,365-repeat,nl0374_lms,عالشغل۔,'ash-shighil,To work.
pronz.RepeatExercise$,366-repeat,nl0375_ams,شو في بهداك الكيس؟,shoo fee bihadaak ilkees?,What is in that bag?
pronz.RepeatExercise$,367-repeat,nl0376_lms,شغلاتي الخاصة۔,shaghlaatee ilKhaaSa,My personal things.
pronz.RepeatExercise$,368-repeat,nl0377_ams,شكراً. هلأ فيك تروح۔,shookran hala- feek trooH,Thank you. You are free to go now.
pronz.RepeatExercise$,369-repeat,nl0378_ams,نحنا راح نعامل أسرى الحرب والمعتقلين المدنيين حسب إتفاقية جنيف۔,niHna raaH n'aamil asra lHarb wilmu'taqaleen lmadaniyeen Hasab itifaaqeeyit jenev,We will handle all EPWs and CIs (civilian internees) according to the provisions of the Geneva Convention.
pronz.RepeatExercise$,370-repeat,nl0379_ams,انت موقوف۔,intey mawqoof,You are under arrest.
pronz.RepeatExercise$,371-repeat,nl0380_ams,أنا لازم فتش كلشي معك۔,anaa laazem fatesh kilshee ma'ak,I must inspect any possessions you have.
pronz.RepeatExercise$,372-repeat,nl0381_lms,هادا كلشي عندي۔,haada kil shee 'andee,This is all I have.
pronz.RepeatExercise$,373-repeat,nl0382_ams,خلّيا معك۔,Khaleeya ma'ak,You can keep it.
pronz.RepeatExercise$,374-repeat,nl0383_ams,أنا راح أحجز على هَي۔,anaa raaH iHjuz 'ala hay,I'm going to confiscate this.
pronz.RepeatExercise$,375-repeat,nl0384_ams,شو ديانتك؟,shoo deeyaantak?,What is your religion?
pronz.RepeatExercise$,376-repeat,nl0385_lms,أنا مسلم۔,anaa mislim,I am Muslim.
pronz.RepeatExercise$,377-repeat,nl0386_ams,انت ضابط ولاّ جندي؟,intey DaabiT wil-la jindee?,Are you an officer or a soldier?
pronz.RepeatExercise$,378-repeat,nl0387_lms,أنا جندي۔,anaa jindee,I am a soldier.
pronz.RepeatExercise$,379-repeat,nl0388_ams,انت لاجئ؟,intey laaje-?,Are you a refugee?
pronz.RepeatExercise$,380-repeat,nl0389_lms,اي، أنا لاجئ۔,ey anaa laaje-,Yes, I am a refugee.
pronz.RepeatExercise$,381-repeat,nl0390_lms,أنا محتاج لمساعدة طبية۔,anaa miHtaaj lamusaa'adey Tubeeyey,I need medical help.
pronz.RepeatExercise$,382-repeat,nl0391_ams,الإسعافات الأولية راح تكون متوفرة لكل الجرحى۔,il-is'aafaat il-awaleeyey raaH tkoon mitwafra lakil iljarHaa,First aid will be provided for all wounded.
pronz.RepeatExercise$,383-repeat,nl0392_ams,حط ايديك ورا ضهرك۔,HuT eedeyk waraa Dahrak,Hands behind your back.
pronz.RepeatExercise$,384-repeat,nl0393_ams,نحنا راح ننزر بقضية أسرى الحرب۔,niHna raaH nunzur biqaDeeyet asra ilHarb,We will process enemy prisoners of war.
pronz.RepeatExercise$,385-repeat,nl0394_lms,ليش أنا محجوز علَي؟,leysh anaa maHjooz 'alayee?,Why am I being held?
pronz.RepeatExercise$,386-repeat,nl0395_ams,انت سجين۔,intey sajeen,You are a prisoner.
pronz.RepeatExercise$,387-repeat,nl0396_ams,شو اسمك الكامل؟,shoo ismak ilkaamel?,What is your full name?
pronz.RepeatExercise$,388-repeat,nl0397_ams,شو تاريخ ميلادك؟,shoo taareeKh meelaadak?,What is your date of birth?
pronz.RepeatExercise$,389-repeat,nl0398_lms,وين ممتلكاتي؟,weyn mumtalakaatee?,Where are my possessions?
pronz.RepeatExercise$,390-repeat,nl0399_ams,نحنا راح نحتفز بمصرياتك وشغلاتك القيّمة۔,niHna raaH niHtifiz bimiSreeyaatak oo-shaghalaatak ilqayimey,We will safeguard your money and valuables.
pronz.RepeatExercise$,391-repeat,nl0400_ams,هاي هيّة بطاقة الأسير۔,hay heeyey biTaaqit il-aseer,This is a capture tag.
pronz.RepeatExercise$,392-repeat,nl0401_ams,أنا راح حط عليك بطاقة الأسير۔,anaa raaH HuT 'leyk biTaaqit il-aseer,I am going to put a capture tag on you.
pronz.RepeatExercise$,393-repeat,nl0402_ams,لا تشيلا۔,laa tsheelaa,Do not remove.
pronz.RepeatExercise$,394-repeat,nl0403_ams,بطاقة الأسير هاي عليا معلوماتك الشخصية۔,biTaaqit il-aseer hay 'leyaa ma'loomaatak ish-shaKhSeeyey,This capture tag contains your identification information.
pronz.RepeatExercise$,395-repeat,nl0404_ams,وين بطاقة الأسير تبعك؟,weyn biTaaqit il-aseer taba'ak?,Where is your capture tag?
pronz.RepeatExercise$,396-repeat,nl0405_lms,أنا ضيّعت بطاقة الأسير تبعي۔,anaa Daya't biTaaqit il-aseer taba'ee,I lost my capture tag.
pronz.RepeatExercise$,397-repeat,nl0406_ams,لا تتحرك۔,laa titHar-rak,Do not move.
pronz.RepeatExercise$,398-repeat,nl0407_ams,لا تأشروا لبعضكُن۔,laa t-ashroo laba'Dkon,No signaling to each other.
pronz.RepeatExercise$,399-repeat,nl0408_ams,راح يجي شخص لهون مشان يسألك أسئلة۔,raaH yijee shaKheS lahon mshaan yis-alak as-iley,Someone will be here to question you soon.
pronz.RepeatExercise$,400-repeat,nl0409_ams,نحنا عم نسوّي هالاستجواب مشان نجمع معلومات عسكرية۔,niHna 'am nsawee hal-istijwaab mshaan nijma' ma'loomaat 'askareeyey,We are conducting this interrogation to gather military intelligence.
pronz.RepeatExercise$,401-repeat,nl0410_ams,نحنا عم ندوّر على هالرجّال۔,niHna 'am ndaw-wer 'ala har-rij-jaal,We are looking for this man.
pronz.RepeatExercise$,402-repeat,nl0411_lms,أنا بحياتي  ماشايفو۔,anaa biHayaatee maa shaayfo,I've never seen him.
pronz.RepeatExercise$,403-repeat,nl0412_ams,نحنا لازم نستجوبك۔,niHna laazeim nistajwibak,We have to question you.
pronz.RepeatExercise$,404-repeat,nl0413_lms,أنا رافض احكي۔,anaa raafiD iHkee,I refuse to speak.
pronz.RepeatExercise$,405-repeat,nl0414_ams,جاوب عالأسئلة۔,jaawib 'al-as-iley,Answer the questions.
pronz.RepeatExercise$,406-repeat,nl0415_lms,هادا كل اللي بعرفو۔,haada kil il-lee ba'rfo,That's all I know.
pronz.RepeatExercise$,407-repeat,nl0416_ams,إلّي۔,il-lee,Tell me.
pronz.RepeatExercise$,408-repeat,nl0417_lms,مابئدر اوول۔,maa bi-der ool,I can't tell.
pronz.RepeatExercise$,409-repeat,nl0418_ams,في شي تاني بتحب تئلنا عليه؟,fee shee taanee bitHib t-ilnaa 'leyh?,Is there anything else you'd like to tell us?
pronz.RepeatExercise$,410-repeat,nl0419_lms,أنا عطشان۔,anaa 'aTshaan,I am thirsty.
pronz.RepeatExercise$,411-repeat,nl0420_ams,اشرب شويّة مَي۔,shrab shwayet maay,Have some water.
pronz.RepeatExercise$,412-repeat,nl0421_ams,ائعود۔,i'od,Sit down.
pronz.RepeatExercise$,413-repeat,nl0422_ams,أووم۔,oom,Get up.
pronz.RepeatExercise$,414-repeat,nl0423_ams,وقّع هاي۔,waqi' hay,Sign this.
pronz.RepeatExercise$,415-repeat,nl0424_ams,شو بتشتغل؟,shoo btishtighel?,What is your occupation?
pronz.RepeatExercise$,416-repeat,nl0425_lms,أنا شوفير تكسي۔,anaa shofeyr taksee,I am a taxi driver.
pronz.RepeatExercise$,417-repeat,nl0426_ams,شو اسم الشركة اللي بتشتغل فيا؟,shoo isim ish-shirkey ilee btishtighel feeyaa?,What is the name of the company you work for?
pronz.RepeatExercise$,418-repeat,nl0427_ams,شو اسم الرئيس تبعك؟,shoo isim ir-ra-ees taba'ak?,What is the name of your superior?
pronz.RepeatExercise$,419-repeat,nl0428_ams,شو رتبتك؟,shoo ritibtak?,What is your rank?
pronz.RepeatExercise$,420-repeat,nl0429_lms,أنا ضابط عسكري۔,anaa DaabiT 'askaree,I am a sergeant.
pronz.RepeatExercise$,421-repeat,nl0430_ams,شو مهمة الوحدة تبعك؟,shoo muhimit ilwiHdey taba'ak?,What is the mission of your unit?
pronz.RepeatExercise$,422-repeat,nl0431_lms,إشراف/ مراقبة۔,ishraaf muraaqabey,Surveillance.
pronz.RepeatExercise$,423-repeat,nl0432_ams,وين كنت رايح؟,weyn kint raayeH?,Where were you going?
pronz.RepeatExercise$,424-repeat,nl0433_lms,مشان اجتمع مع الوحدة تبعي۔,mshaan ijtime' ma' ilwiHdey taba'ee,To meet up with my unit.
pronz.RepeatExercise$,425-repeat,nl0434_ams,لمين هالوسائق هاي؟,lameen halwasaa-eq hay?,Whose documents are these?
pronz.RepeatExercise$,426-repeat,nl0435_lms,مالُن إلي۔,maalon ilee,They are not mine.
pronz.RepeatExercise$,427-repeat,nl0436_ams,أي طريء أخدت لأجيت لهون؟,ayaa Taree- aKhadt la-ijeet lahon?,What route did you take to come here?
pronz.RepeatExercise$,428-repeat,nl0437_ams,في عندك أي معلومات النا؟,fee 'indak ay ma'loomaat ilnaa?,Do you have any information for us?
pronz.RepeatExercise$,429-repeat,nl0438_ams,مين بتعرف شخصياً معارض لأميركا؟,meen bta'reif shaKhSeeyan m'aareD la-amerkaa?,Whom do you personally know who actively opposes the U.S.?
pronz.RepeatExercise$,430-repeat,nl0439_ams,شو اسمك الأولاني؟,shoo ismak il-awalaanee?,What is your first name?
pronz.RepeatExercise$,431-repeat,nl0440_ams,شو اسم كنيتك؟,shoo isim kineetak?,What is your family name?
pronz.RepeatExercise$,432-repeat,nl0441_ams,شو تاريخ ميلادك؟,shoo taareeKh meelaadak?,When is your birthday?
pronz.RepeatExercise$,433-repeat,nl0442_ams,وين مكان ولادتك؟,weyn makaan wilaadtak?,What is your place of birth?
pronz.RepeatExercise$,434-repeat,nl0443_ams,من وين انت؟,min weyn intey?,Where are you from?
pronz.RepeatExercise$,435-repeat,nl0444_lms,أنا من الشام۔,anaa min ish-shaam,I am from Damascus.
pronz.RepeatExercise$,436-repeat,nl0445_ams,وين ساكن؟,weyn saaken?,Where do you live?
pronz.RepeatExercise$,437-repeat,nl0446_ams,شو قوميتك؟,shoo qawmeetak?,What is your nationality?
pronz.RepeatExercise$,438-repeat,nl0447_lms,أنا كردي۔,anaa kirdee,I am Kurd.
pronz.RepeatExercise$,439-repeat,nl0448_ams,انت متجوّز؟,intey mitjaw-wez?,Are you married?
pronz.RepeatExercise$,440-repeat,nl0449_lms,أنا عزّابي۔,anaa 'az-zaabee,I am single.
pronz.RepeatExercise$,441-repeat,nl0450_ams,عندك ولاد؟,'indak wulaad?,Do you have children?
pronz.RepeatExercise$,442-repeat,nl0451_lms,أنا ما عندي ولاد۔,anaa maa 'andee wulaad,I don't have children.
pronz.RepeatExercise$,443-repeat,nl0452_ams,شو عنوان بيتك؟,shoo 'inwaan beytak?,What is your home address?
pronz.RepeatExercise$,444-repeat,nl0453_ams,أدّيش صارلك عايش هون؟,ad-deysh Saarlak 'aayesh hon?,How long have you lived there?
pronz.RepeatExercise$,445-repeat,nl0454_ams,عندك إخوة أو خوات؟,'indak iKhwey aw Khawaat?,Do you have any siblings?
pronz.RepeatExercise$,446-repeat,nl0455_ams,لاحزت أي  تحركات مشبوهة بالمنطقة؟,laaHazt ay taHarukaat mashbooha bilmanTiqa?,Did you see any suspicious activity in the area?
pronz.RepeatExercise$,447-repeat,nl0456_ams,شفت حدا؟,shift Hada?,Did you see anyone?
pronz.RepeatExercise$,448-repeat,nl0457_ams,شو شفت؟,shoo shift?,What did you see?
pronz.RepeatExercise$,449-repeat,nl0458_ams,أي واحد من اللي شفتُن كان فيه أوصاف مميّزة؟,ay waaHid min ilee shifton kaan feeh awSaaf mumayazey?,Did anyone you saw have distinctive features?
pronz.RepeatExercise$,450-repeat,nl0459_ams,كان في رجال مسلّحين أريب من هون؟,kaan fee rjaal msalaHeen areeb min hon?,Were there armed men near here?
pronz.RepeatExercise$,451-repeat,nl0460_ams,كم واحد كان هونيك؟,kam waaHed kaan huneek?,How many people were there?
pronz.RepeatExercise$,452-repeat,nl0461_lms,كان في تأريباً عشرين رجّال مسلّح۔,kaan fee ta-reeban 'ishreen rij-jaal msalaH,There were approximately twenty armed men.
pronz.RepeatExercise$,453-repeat,nl0462_ams,شو كانوا عم يعملوا؟,shoo kaanoo 'am ya'imloo?,What were they doing?
pronz.RepeatExercise$,454-repeat,nl0463_lms,كانوا عم يزرعوا ألغام۔,kaanoo 'am yizra'oo alghaam,They were placing IEDs.
pronz.RepeatExercise$,455-repeat,nl0464_ams,كم سيارة شفت؟,kam sayaara shifit?,How many vehicles did you see?
pronz.RepeatExercise$,456-repeat,nl0465_lms,شفت سيارتين جيب۔,shift sayaarteyn jeep,I saw two jeeps.
pronz.RepeatExercise$,457-repeat,nl0466_ams,شو كان لون السيارات؟,shoo kaan lon is-sayaaraat?,What color were the vehicles?
pronz.RepeatExercise$,458-repeat,nl0467_lms,رمادي وأخضر۔,rmaadee oo-aKhDar,Grey and green.
pronz.RepeatExercise$,459-repeat,nl0469_lms,بسرعة أويّة كتير۔,bisir'a aweeyey kteer,Very fast.
pronz.RepeatExercise$,460-repeat,nl0470_ams,وين كانت؟,weyn kaanet?,Where was it?
pronz.RepeatExercise$,461-repeat,nl0471_ams,على شو كانت عم بتشير الاحداثيات؟,'ala shoo kaanit 'am bitsheer il-iHdaatheeyaat?,What were the grid coordinates?
pronz.RepeatExercise$,462-repeat,nl0472_ams,لوين راحوا المقاتلين؟,laweyn raaHoo ilmuqaatileen?,Where did the fighters go?
pronz.RepeatExercise$,463-repeat,nl0473_ams,فيك تورجيني عالخريطة؟,feek twarjeenee 'alKhareeTa?,Can you show me on a map?
pronz.RepeatExercise$,464-repeat,nl0474_ams,وين شفت الارهابيين؟,weyn shift il-irhaabiyeen?,Where did you see the insurgents?
pronz.RepeatExercise$,465-repeat,nl0475_lms,شفت الارهابيين بالجبال۔,shift il-irhaabiyeen bil-lijbaal,I saw the insurgents in the mountains.
pronz.RepeatExercise$,466-repeat,nl0476_ams,وين مخبّايين؟,weyn mKhabayeen?,Where are they hiding?
pronz.RepeatExercise$,467-repeat,nl0477_lms,مخبّايين بالبنايات۔,mKhabayeen bilbinaayaat,They are hiding in the buildings.
pronz.RepeatExercise$,468-repeat,nl0478_ams,وين شفت زخائر مانها متفجرة؟,weyn shifit zaKhaa-ir maanhaa mitfajira?,Where did you see unexploded ammunition?
pronz.RepeatExercise$,469-repeat,nl0479_lms,شفت زخاير مو منفجرة أريب من الضيعة۔,shifit zaKhaayir moo minfijra areeb min iD-Dey'a,I saw unexploded ammunition near a village.
pronz.RepeatExercise$,470-repeat,nl0480_ams,وين سوّوا الألغام؟,weyn sawoo il-alghaam?,Where was the IED built?
pronz.RepeatExercise$,471-repeat,nl0481_ams,بأي اتجاه كانت السيارات متجهة؟,b-ay itijaah kaanet is-sayaaraat mitijhaa?,In which direction were the vehicles headed?
pronz.RepeatExercise$,472-repeat,nl0482_lms,السيارات كانت متجهة ناحية الشرء۔,is-sayaaraat kaanit mitijha naaHeeyit ish-shari-,The vehicles were headed east.
pronz.RepeatExercise$,473-repeat,nl0483_ams,بأي اتجاه راحوا الرجال المسلّحين؟,bi-ay iteejaah raaHoo ir-rjaal limsalaHeen?,In which direction did the armed men go?
pronz.RepeatExercise$,474-repeat,nl0484_lms,الرجال المسلحين راحوا ناحية الغرب۔,il-lirjaal limsalaHeen raaHoo naaHeet ilgharb,The armed men went west.
pronz.RepeatExercise$,475-repeat,nl0485_ams,اوصفلي وحدة العدو۔,wuSif-lee wiHdet il'adoo,Describe the enemy unit.
pronz.RepeatExercise$,476-repeat,nl0486_lms,كانوا نسوان ومعُن ولاد زغار۔,kaanoo niswaan ooma'on wlaad zghaar,There were women and children with them.
pronz.RepeatExercise$,477-repeat,nl0487_ams,أدّيش كانت كبيرة الوحدة؟,ad-deysh kaanet kbeerey ilwiHdey?,How big was the unit?
pronz.RepeatExercise$,478-repeat,nl0488_lms,الوحدة كان فيا تأريباً خمسين واحد۔,ilwiHdey kaan feeyaa ta-reeban Khamseen waaHed,The unit had approximately fifty people.
pronz.RepeatExercise$,479-repeat,nl0489_ams,شو كانوا لابسين؟,shoo kaanoo laabseen?,What were they wearing?
pronz.RepeatExercise$,480-repeat,nl0490_lms,كانوا لابسين ملابس عسكرية۔,kaanoo laabseen malaabis 'askareeyey,They were wearing military uniforms.
pronz.RepeatExercise$,481-repeat,nl0491_ams,شو اللغة اللي كانوا عم يحكوا؟,shoo il-loogha ilee kaanoo 'am yiHkoowaa?,What language were they speaking?
pronz.RepeatExercise$,482-repeat,nl0492_lms,كانوا عم يحكوا عربي۔,kaanoo 'am yiHkoo 'arabee,They spoke Arabic.
pronz.RepeatExercise$,483-repeat,nl0493_ams,كان في شي ضبّاط؟,kaan fee shee DubaaT?,Were there any officers?
pronz.RepeatExercise$,484-repeat,nl0494_lms,كان في واحد مسؤول عليهُن۔,kaan fee waaHid mas-ool 'alayhun,Someone was in charge.
pronz.RepeatExercise$,485-repeat,nl0495_ams,في شي حدى تأزّى؟,fee shee Hada t-az-za?,Was anyone hurt?
pronz.RepeatExercise$,486-repeat,nl0496_lms,ما شفت أي مجروح۔,maa shifit ay majrooH,I did not see any wounded.
pronz.RepeatExercise$,487-repeat,nl0497_ams,كان عندُن أسرى؟,kaan 'indun asraa?,Did they have any captives?
pronz.RepeatExercise$,488-repeat,nl0498_ams,كان في معُن مدنيين؟,kaan fee ma'on madaniyeen?,Were there civilians with them?
pronz.RepeatExercise$,489-repeat,nl0499_lms,ما شفت أي مدني۔,maa shift ay madanee,I did not see any civilians.
pronz.RepeatExercise$,490-repeat,nl0500_ams,إيمتا صار؟,eymta Saar?,When did it occur?
pronz.RepeatExercise$,491-repeat,nl0501_lms,أبل كم دئيئة۔,abil kam da-ee-a,A few minutes ago.
pronz.RepeatExercise$,492-repeat,nl0502_lms,أبل كم ساعة۔,abil kam saa'a,A few hours ago.
pronz.RepeatExercise$,493-repeat,nl0503_lms,أبل اسبوع۔,abil isboo',A week ago.
pronz.RepeatExercise$,494-repeat,nl0504_lms,أبل شهر۔,abil shahir,A month ago.
pronz.RepeatExercise$,495-repeat,nl0505_ams,إيمتا بالزبط شفت المقاتلين؟,eymta biz-zabaT shift ilmuqaatileen?,Exactly when did you see the fighters?
pronz.RepeatExercise$,496-repeat,nl0506_lms,كان مبارحة بحدود العصر۔,kaan mbaarHa biHdood il'aSir,It was last night around sunset.
pronz.RepeatExercise$,497-repeat,nl0507_ams,شو كان التاريخ؟,shoo kaan it-taareeKh?,What date was it?
pronz.RepeatExercise$,498-repeat,nl0508_ams,شو كان الوأت؟,shoo kaan ilwa-it?,What time was it?
pronz.RepeatExercise$,499-repeat,nl0509_ams,أيّا وأت من النهار شفتا؟,ayaa wa-it min nhaar shiftaa?,What time of day did you see it?
pronz.RepeatExercise$,500-repeat,nl0510_lms,كان الصبح بكير۔,kaan iS-SubiH bak-keer,It was early morning.
pronz.RepeatExercise$,501-repeat,nl0511_ams,بعدا مستمرّة؟,ba'daa mustamira?,Is it still in progress?
pronz.RepeatExercise$,502-repeat,nl0512_lms,كانت بعدا مستمرة وأت المشيت۔,kaanit ba'daa mistamira wa-it limsheet,It was still going on when I left.
pronz.RepeatExercise$,503-repeat,nl0513_ams,إيمتا شفت زخائر مانها متفجرة؟,eymta shift zaKhaa-er maanhaa mitfajra?,When did you see unexploded ammunition?
pronz.RepeatExercise$,504-repeat,nl0514_ams,إيمتا بلّشت العملية العسكرية؟,eymta bal-lashet il'amaleeyey il'askareeyey?,When will the military operation start?
pronz.RepeatExercise$,505-repeat,nl0515_ams,شو نوع المعدات اللي كانت عندُن؟,shoo no' ilma'idaat ilee kaanet 'indon?,What type of equipment did they have?
pronz.RepeatExercise$,506-repeat,nl0516_lms,كان عندُن متفجرات كتيرة۔,kaan 'andon mutafajiraat kiteerey,They had lots of explosives.
pronz.RepeatExercise$,507-repeat,nl0517_lms,كان في معُن آر بي  جي۔,kaan fee ma'on aar-pee-jee,They had RPGs with them.
pronz.RepeatExercise$,508-repeat,nl0518_ams,شو كان نوع وعيار الأسلحة؟,shoo kaan no' wi'yaar il-asleeHa?,What were the type and caliber of the weapons?
pronz.RepeatExercise$,509-repeat,nl0519_ams,كانت أسلحة نيران مباشرة متل بارودة أو بازوكة؟,kaanet asliHet neeraan mubaashara mitil baaroodey aw baazooka?,Was it direct-fire, like from a rifle or bazooka?
pronz.RepeatExercise$,510-repeat,nl0520_ams,كانت أسلحة نيران غير مباشرة متل هاون أو مدفع؟,kaanit asliHet neeraan ghayr mubaashara mitil haawin aw madfa'?,Was it an indirect-fire weapon like a mortar or cannon?
pronz.RepeatExercise$,511-repeat,nl0521_lms,كان عندُن بنادق آلية۔,kaan 'andon banaadiq aaleeyey,They had machine guns.
pronz.RepeatExercise$,512-repeat,nl0522_ams,كان السلاح محطوط على مسند ثلاثي؟,kaan is-silaaH maHTooT 'ala masnad thulaathee?,Was the weapon mounted on a tripod?
pronz.RepeatExercise$,513-repeat,nl0523_ams,شو نوع السيارات اللي كانت عندُن؟,shoo no' is-sayaaraat ilee kaanet 'indon?,What type of vehicles did they have?
pronz.RepeatExercise$,514-repeat,nl0524_lms,شفت سيارة مدرّعة۔,shift sayaara mdar-ra'a,I saw an armored vehicle.
pronz.RepeatExercise$,515-repeat,nl0525_lms,شفت عدد من الشاحنات۔,shift 'adad min ish-shaaHinaat,I saw several trucks.
pronz.RepeatExercise$,516-repeat,nl0526_ams,شو نوع العدّة اللي كانت معُن؟,shoo no' il'idey ilee kaanet ma'on?,What type of gear did they have?
pronz.RepeatExercise$,517-repeat,nl0527_lms,كان في شناطي عَ ضهرُن۔,kaan fee shanaaTee 'a Dahurun,They had rucksacks.
pronz.RepeatExercise$,518-repeat,nl0528_ams,هالسيارة كانت عسكرية ولاّ مدنية؟,has-sayaara kaanet 'askareeyey wal-la madaneeyey?,Was this vehicle military or civilian?
pronz.RepeatExercise$,519-repeat,nl0529_lms,كانت سيارة مدنية۔,kaanit sayaara madaneeyey,It was a civilian vehicle.
pronz.RepeatExercise$,520-repeat,nl0530_ams,حاول انّك تجاوب على أسئلتي ب اي أو لأ۔,Haawel in-nak tjaawib 'aa as-ilatee bee ey aw la-,Try to answer my questions with yes or no.
pronz.RepeatExercise$,521-repeat,nl0531_ams,شد عَ إيدي مرّة إزا بدك تؤول اي ومرتين إزا بدك تؤول لأ۔,shid 'aa eedee mar-ra iza bid-dak t-ool ey oomarteyn iza bid-dak t-ool la-,Squeeze my hand once for yes and twice for no.
pronz.RepeatExercise$,522-repeat,nl0532_ams,أنا دكتور۔,anaa diktor,I'm a doctor.
pronz.RepeatExercise$,523-repeat,nl0533_ams,وين الممرضة؟,weyn ilmumar-riDa?,Where is a nurse?
pronz.RepeatExercise$,524-repeat,nl0534_lms,ساعدني إزا بتريد!,saa'idnee iza bitreed!,Please help me!
pronz.RepeatExercise$,525-repeat,nl0535_ams,انتزر. الدكتور راح يشوفك  فوراً۔,intizer. id-duktor raaH yishoofak fawran,Hold on. You will soon be seen by a doctor.
pronz.RepeatExercise$,526-repeat,nl0537_lms,ما بعرف وين أنا۔,maa ba'ref weyn anaa,I don't know where I am.
pronz.RepeatExercise$,527-repeat,nl0538_ams,انتِ منيح؟,intey mineeH?,Are you okay?
pronz.RepeatExercise$,528-repeat,nl0539_ams,كم اصبع عم بتشوف؟,kam iSba' 'am bitshoof?,How many fingers do you see?
pronz.RepeatExercise$,529-repeat,nl0540_lms,عم شوف خمس أصابع۔,'am shoof Khams aSaabi',I see five fingers.
pronz.RepeatExercise$,530-repeat,nl0541_ams,اوول اسمك بصوت عالي۔,ool ismak bSot 'aalee,Say your name out loud.
pronz.RepeatExercise$,531-repeat,nl0542_ams,فتاح عيونك۔,ftaaH 'iyoonak,Open your eyes.
pronz.RepeatExercise$,532-repeat,nl0543_ams,انتِ موجوع شي؟,intey mawjoo' shee?,Are you in pain?
pronz.RepeatExercise$,533-repeat,nl0544_lms,اي، راسي عم يوجعني۔,ey, raasee 'am yooja'nee,Yes, my head hurts.
pronz.RepeatExercise$,534-repeat,nl0545_lms,شبَني؟,shibanee?,What's wrong with me?
pronz.RepeatExercise$,535-repeat,nl0546_ams,انت منصاب۔,intey minSaab,You have been injured.
pronz.RepeatExercise$,536-repeat,nl0547_ams,انت انحرأت حرء كبير۔,intey inHara-it Hur- kbeer,You have been badly burned.
pronz.RepeatExercise$,537-repeat,nl0548_ams,عمِل اللي بئلّك عليه۔,'mel il-lee b-ilak 'ley,Do what I ask.
pronz.RepeatExercise$,538-repeat,nl0549_ams,استرخي۔,starKhee,Relax.
pronz.RepeatExercise$,539-repeat,nl0550_ams,خلّي راسك سابت۔,Khal-lee raasak saabet,Keep your head still.
pronz.RepeatExercise$,540-repeat,nl0551_ams,لازم ننئلك من هون۔,laazem nini-lak min hon,We have to move you from here.
pronz.RepeatExercise$,541-repeat,nl0552_ams,تسطّح وخلّيك سابت۔,tsaTaH ooKhal-leek saabet,Lie still.
pronz.RepeatExercise$,542-repeat,nl0553_ams,حاسس بدوخة؟,Haases bdoKha?,Do you feel dizzy?
pronz.RepeatExercise$,543-repeat,nl0554_lms,اي، عمّا حس بدوخة۔,ey, 'ama His bdoKha,Yes, I feel light-headed.
pronz.RepeatExercise$,544-repeat,nl0555_ams,عندك صعوبة بالتنفس؟,'indak Su'oobey bit-tanafus?,Are you having trouble breathing?
pronz.RepeatExercise$,545-repeat,nl0556_lms,لأ، بئدر اتنفس منيح۔,la- bi-der itnafas mneeH,No, I can breathe just fine.
pronz.RepeatExercise$,546-repeat,nl0557_ams,هادا راح يساعد على حمايتك۔,haada raaH yisaa'ed 'ala Himaaytak,This will help protect you.
pronz.RepeatExercise$,547-repeat,nl0558_lms,شو عم تعطيني؟,shoo 'am ta'Teenee?,What are you giving me?
pronz.RepeatExercise$,548-repeat,nl0559_ams,هالدوا للوجع۔,had-dawa lalwaja',This medicine is for pain.
pronz.RepeatExercise$,549-repeat,nl0560_ams,انت منصاب؟,intey minSaab?,Are you injured?
pronz.RepeatExercise$,550-repeat,nl0561_lms,اي، اجري عم توجعني۔,ey, ijree 'am tooja'nee,Yes, my leg hurts.
pronz.RepeatExercise$,551-repeat,nl0562_ams,هادا عم يوجّع؟,haada 'am yiwaje'?,Does this hurt?
pronz.RepeatExercise$,552-repeat,nl0563_ams,أشّر عليه۔,ash-shir 'aleyh,Point to it.
pronz.RepeatExercise$,553-repeat,nl0564_ams,فيك تتحرك؟,feek titHar-rak?,Can you move?
pronz.RepeatExercise$,554-repeat,nl0565_ams,فيك تحس بهاي؟,feek tHis bihay?,Can you feel this?
pronz.RepeatExercise$,555-repeat,nl0566_ams,راح نحاول ما نوجعك أكتر۔,raaH nHaawel maa nwaj'ak aktar,We will try not to hurt you further.
pronz.RepeatExercise$,556-repeat,nl0567_ams,ورجيني وين عم يوجعك۔,warjeenee weyn 'am yooja'ak,Show me where it hurts.
pronz.RepeatExercise$,557-repeat,nl0568_ams,رأبتك عم توجعك؟,ra-ibtak 'am tooja'ak?,Does your neck hurt?
pronz.RepeatExercise$,558-repeat,nl0569_lms,رأبتي منيحة۔,ra-ibtee mneeHa,My neck feels fine.
pronz.RepeatExercise$,559-repeat,nl0570_ams,نحنا لازم نرَبطك مشان نضمن سلامتك۔,niHna laazim nurubTak mshaan niDman salaamtak,We have to restrain you for your own safety.
pronz.RepeatExercise$,560-repeat,nl0571_ams,امسِك هالشاشة واضغط عليا۔,mseyk hash-shaashey wiDghaaT 'aleyaa,Hold this dressing and apply pressure.
pronz.RepeatExercise$,561-repeat,nl0572_ams,لازم نحط خشبة على دراعك۔,laazem nHuT Khashabey 'ala draa'ak,We need to splint your arm.
pronz.RepeatExercise$,562-repeat,nl0573_lms,شو عم تعمل؟,shoo 'am ta'mil?,What are you doing?
pronz.RepeatExercise$,563-repeat,nl0574_ams,أنا عم حط شاشة مشان وئّف النزيف۔,aana 'am HuT shaashey mshaan wa-ef in-nazeef,I am applying a bandage to stop the bleeding.
pronz.RepeatExercise$,564-repeat,nl0575_ams,عندك حساسية من أي دوا؟,'indak Hasaaseeyey min ay dawa?,Are you allergic to any medications?
pronz.RepeatExercise$,565-repeat,nl0576_ams,شو الدوا اللي بيعملّك حساسية؟,shoo id-dawa il-lee biya'mil-lak Hasaaseeyey?,Which medications are you allergic to?
pronz.RepeatExercise$,566-repeat,nl0577_lms,ماعندي أي حساسية۔,maa 'andee ay Hasaaseeyey,I don't have any allergies.
pronz.RepeatExercise$,567-repeat,nl0578_lms,عندي حساسية من البنسلين۔,'andee Hasaaseeyey min ilpensileen,I'm allergic to penicillin.
pronz.RepeatExercise$,568-repeat,nl0579_ams,بتدخّن؟,bid-daKhen?,Do you smoke?
pronz.RepeatExercise$,569-repeat,nl0580_ams,معك ضغط دم عالي؟,ma'ak DagheT dam 'aalee?,Do you have high blood pressure?
pronz.RepeatExercise$,570-repeat,nl0581_ams,معك مرض السكّري؟,ma'ak maraD is-sikaree?,Do you have diabetes?
pronz.RepeatExercise$,571-repeat,nl0583_ams,أديش وزنك؟,ad-deysh waznak?,How much do you weigh?
pronz.RepeatExercise$,572-repeat,nl0584_lms,وزني تنين وسبعين كيلوغرام (٧٢ كغ)۔,waznee itneyn wusab'een keelograam,I weigh 72 kilograms.
pronz.RepeatExercise$,573-repeat,nl0585_ams,عامل شي عمليات؟,'aamel shee 'amaleeyaat?,Have you had any surgeries?
pronz.RepeatExercise$,574-repeat,nl0586_ams,شو الأدوية اللي عم تاخدا؟,shoo il-adweeyey il-lee 'am taaKhidaa?,What medicines are you taking?
pronz.RepeatExercise$,575-repeat,nl0587_ams,مرتك حامل؟,martak Haamel?,Is your wife expecting?
pronz.RepeatExercise$,576-repeat,nl0588_lms,مرتي حامل بالشهرالرابع۔,martee Haamel bish-shahr ir-raabe',She is four months pregnant.
pronz.RepeatExercise$,577-repeat,nl0590_ams,خلّينا نساعدك۔,Khal-leenaa nsaa'dak,Let us help you.
pronz.RepeatExercise$,578-repeat,nl0591_ams,أنا لازم نضّفلك جروحاتك۔,anaa laazem naD-Diflak jrooHaatak,I need to clean your wounds.
pronz.RepeatExercise$,579-repeat,nl0592_ams,لازم نفحصك بدقّة۔,laazem nifHaSak bi-diq-qa,We must examine you carefully.
pronz.RepeatExercise$,580-repeat,nl0593_ams,بتوافئ على عملية نأل الدم؟,bitwaafe- 'ala 'amaleeyit na-il id-dam?,Would you consent to an emergency blood transfusion?
pronz.RepeatExercise$,581-repeat,nl0594_ams,في جندية راح تجي بعد شوَي۔,fee jindeeyey raaH tijee ba'id shway,A female soldier will be here soon.
pronz.RepeatExercise$,582-repeat,nl0595_ams,لازم نشلحك تيابك۔,laazem nshalHak tyaabak,We have to remove your clothes.
pronz.RepeatExercise$,583-repeat,nl0596_ams,أنا راح شيلك۔,anaa raaH sheelak,I am going to lift you.
pronz.RepeatExercise$,584-repeat,nl0598_ams,بدنا موافأتك مشان نعملّك العملية۔,bidnaa muwaafa-tak mshaan na'mil-lak il'amaleeyey,We want your permission to operate on you.
pronz.RepeatExercise$,585-repeat,nl0599_lms,أنا موافئ۔,anaa muwaafe-,You have my permission.
pronz.RepeatExercise$,586-repeat,nl0600_lms,ليش لازمني عملية؟,leysh laazimnee 'amaleeyey?,Why do I need surgery?
pronz.RepeatExercise$,587-repeat,nl0601_ams,إزا ما عملنا العملية، يمكن تموت۔,iza maa 'milnaa il'amaleeyey yimken tmoot,If we do not operate, you may die.
pronz.RepeatExercise$,588-repeat,nl0602_ams,إزا ما عملنا العملية، ممكن تخسر هاي۔,iza maa 'milnaa il'amaleeyey mumken tiKhsar hay,If we do not operate, you may lose this.
pronz.RepeatExercise$,589-repeat,nl0603_lms,مين راح يخبّر عيلتي؟,meen raaH yiKhab-bir 'eyltee?,Who will inform my family?
pronz.RepeatExercise$,590-repeat,nl0604_ams,نحنا راح نحاول نتصل بحدا من مجموعتك۔,niHna raaH nHaawel nitiSel biHada min majmoo'atak,We will try to contact someone from your group.
pronz.RepeatExercise$,591-repeat,nl0605_ams,عندك خريطة؟,'indak KhareeTa?,Do you have a map?
pronz.RepeatExercise$,592-repeat,nl0606_lms,لأي اتجاه عم بتأشر البوصلة؟,la-ay itijaah 'am bit-asher il-booSley?,Which direction does the compass read?
pronz.RepeatExercise$,593-repeat,nl0607_ams,شمال۔,shmaal,North.
pronz.RepeatExercise$,594-repeat,nl0608_ams,جنوب۔,jnoob,South.
pronz.RepeatExercise$,595-repeat,nl0609_ams,غرب۔,gharb,West.
pronz.RepeatExercise$,596-repeat,nl0610_ams,شرق۔,sharq,East.
pronz.RepeatExercise$,597-repeat,nl0611_ams,أدّيش ارتفاع هالتل؟,ad-deysh irtifaa' hat-tal?,How high is this hill?
pronz.RepeatExercise$,598-repeat,nl0612_lms,هالتل ارتفاعو تأريباً خمسة وعشرين متر(٢٥م )۔,hat-tal irtifaa'o ta-reeban Khamsa w'ishreen mitir,This hill is about twenty-five meters (25) high.
pronz.RepeatExercise$,599-repeat,nl0613_ams,أدّيش انحدار هداك التل؟,ad-deysh inHidaar hadaak it-tal?,How steep is that hill?
pronz.RepeatExercise$,600-repeat,nl0614_lms,بناءً على خط المناسيب كتير منحدر۔,binaa-an 'ala KhaT ilmanaaseeb kteer minHidir,According to the contour lines, very steep.
pronz.RepeatExercise$,601-repeat,nl0615_ams,أديشو غميء هداك الوادي؟,ad-deysho ghamee- hadaak ilwaadee?,How deep is that canyon?
pronz.RepeatExercise$,602-repeat,nl0616_lms,الوادي تأريباَ خمسمية (٥٠٠) متر غميء۔,ilwaadee ta-reeban Khamsmeet mitir ghamee-,The canyon is approximately 500 meters deep.
pronz.RepeatExercise$,603-repeat,nl0617_ams,خطوط المناسيب بتورجي الارتفاع۔,KhTooT ilmanaaseeb bitwarjee il-irtifaa',Contour lines show elevation.
pronz.RepeatExercise$,604-repeat,nl0618_ams,الخطوط العمودية بتورجي خطوط الطول۔,ilKhuTooT il'aamoodeeyey bitwarjee KhuTooT iT-Tool,Vertical lines show longitude.
pronz.RepeatExercise$,605-repeat,nl0619_ams,الخطوط الأفقية بتورجي خطوط العرض۔,ilKhuTooT il-ufooqeeyey bitwarjee KhuTooT il'arD,Horizontal lines show latitude.
pronz.RepeatExercise$,606-repeat,nl0620_ams,لائحة التفاسير هية الرموز المستخدمة على الخريطة۔,laa-iHit it-tafaaseer heeyey ir-rumooz ilmustaKhdamey 'ala ilKhareeTa,The legend is a list of symbols used on a map.
pronz.RepeatExercise$,607-repeat,nl0621_ams,شو اسم هالضيعة؟,shoo isim haD-Day'a?,What is the name of this village?
pronz.RepeatExercise$,608-repeat,nl0622_lms,هالضيعة اسما الكفرون۔,haD-Day'a isma ilkafroon,This village is Alkafroon.
pronz.RepeatExercise$,609-repeat,nl0623_ams,شو هالمدينة؟,shoo hal-madeeney?,What city is this?
pronz.RepeatExercise$,610-repeat,nl0624_lms,هَي مدينة حلب۔,hay madeenit Halab,This city is Aleppo.
pronz.RepeatExercise$,611-repeat,nl0625_lms,هادا سد الرستن۔,haada sad ir-rastan,That's the Rastan dam.
pronz.RepeatExercise$,612-repeat,nl0626_ams,شو هالمطار؟,shoo halmaTaar?,Which airport is this?
pronz.RepeatExercise$,613-repeat,nl0627_lms,هادا مطار دمشق الدولي۔,haada maTaar dimashq id-duwalee,This is Damascus International Airport.
pronz.RepeatExercise$,614-repeat,nl0628_lms,هَي تمديدات عسكرية۔,hay tamdeedaat 'askareeyey,This is a military installation.
pronz.RepeatExercise$,615-repeat,nl0629_lms,هالخط هادا هوّة طريء۔,halKhaT haada hoowey Taree-,This line is a road.
pronz.RepeatExercise$,616-repeat,nl0630_lms,هالخط بيمسّل الحدود مع لبنان۔,halKhaT beemas-sel ilHudood ma' libnaan,This line represents the border with Lebanon.
pronz.RepeatExercise$,617-repeat,nl0631_lms,هالمنطئة ممكن تكون ملوّسة بالألغام۔,halmanTi-a mumkin tkoon mulawasey bil-alghaam,It's possible that this area is contaminated with land mines.
pronz.RepeatExercise$,618-repeat,nl0632_ams,هاي قاعدة عسكرية أميركية۔,hay qaa'idey 'askareeyey amerkeeyey,This is an American military base.
pronz.RepeatExercise$,619-repeat,nl0633_ams,هادا مطار۔,haada maTaar,This is an airfield.
pronz.RepeatExercise$,620-repeat,nl0634_ams,هادا مخيّم اللاجئين۔,haada muKhayam il-laaji-een,This is a refugee camp.
pronz.RepeatExercise$,621-repeat,nl0635_ams,شو اسم البحيرة؟,shoo isim ilbuHayra?,What is the lake called?
pronz.RepeatExercise$,622-repeat,nl0636_lms,هديك بحيرة تشرين۔,hadeek buHayrit tishreen,That is Tishreen Lake.
pronz.RepeatExercise$,623-repeat,nl0637_ams,كيف شكلا التضاريس؟,keef shaklaa it-taDaarees?,What is the terrain like?
pronz.RepeatExercise$,624-repeat,nl0638_lms,التضاريس هون كتير وعرة۔,it-taDaarees hon kteer wi'ra,The terrain here is very rugged.
pronz.RepeatExercise$,625-repeat,nl0639_ams,شو اسمو هداك الوادي؟,shoo ismo hadaak ilwaadee?,What is that valley called?
pronz.RepeatExercise$,626-repeat,nl0640_lms,هادا وادي العيون۔,haada waadee ili'yoon,That is Wadi Al-ayoun.
pronz.RepeatExercise$,627-repeat,nl0641_ams,أيّا نهر هداك؟,ayaa nahir hadaak?,Which river is that?
pronz.RepeatExercise$,628-repeat,nl0642_lms,هادا نهر بردى۔,haada nahir barada,That is the Barada River.
pronz.RepeatExercise$,629-repeat,nl0643_ams,شو اسمو هداك الجبل؟,shoo ismo hadaak iljabal?,Which mountain is that?
pronz.RepeatExercise$,630-repeat,nl0644_lms,هداك جبل قاسيون۔,hadaak jabal qaasyoon,That is Mount Qasyoon.
pronz.RepeatExercise$,631-repeat,nl0645_lms,هديك سلسلة جبال القلمون۔,hadeek silsilt jibaal ilqalamoon,That is the Al-Qalamoun mountain chain.
pronz.RepeatExercise$,632-repeat,nl0646_lms,هدول بحيرات۔,hadol buHayraat,Those are lagoons.
pronz.RepeatExercise$,633-repeat,nl0647_lms,هَي غابة۔,hay ghaabey,This is a forest.
pronz.RepeatExercise$,634-repeat,nl0648_lms,هَي صحرا۔,hay SaHraa,This is a desert.
pronz.RepeatExercise$,635-repeat,nl0649_lms,هدول كهوف۔,hadol khoof,These are caves.
pronz.RepeatExercise$,636-repeat,nl0651_lms,أنا بعرف ائرا الخريطة۔,anaa ba'ref i-raa ilKhareeTa,I know how to read a map.
pronz.RepeatExercise$,637-repeat,nl0652_ams,شو موقعك؟,shoo mawqi'ak?,What is your position?
pronz.RepeatExercise$,638-repeat,nl0653_lms,موقعي هوّة ٣٣ درجة و٣٠ دئيئة شمال و٣٦ درجة و١٧ دئيئة شرء۔,mawqi'ee hoowey tlaata witlaateen darajey witlaateen da-ee-a shamaal wusita witlaateen darajey wusab'aTa'shar da-ee-a shar-,My position is 33°30'N 36°17'E.
pronz.RepeatExercise$,639-repeat,nl0654_ams,أدّيش بتبعد حلب عن دمشق؟,ad-deysh btub'ud Halab 'an dimashq?,How far is it from Damascus to Aleppo?
pronz.RepeatExercise$,640-repeat,nl0655_lms,المسافة من دمشق لحلب حوالي تلاتمية وخمسة وخمسين (٣٥٥) كيلومتر۔,ilmasaafey min dimashq la-Halab Hawaalee tlaatmeeyey wuKhamsa wuKhamseen keelomitir,It is approximately 355 kilometers from Damascus ti Aleppo.
pronz.RepeatExercise$,641-repeat,nl0656_ams,في طريء تاني مشان الواحد يروح من دمشق لحلب؟,fee Taree- taanee mshaan ilwaaHed yirooH min dimashq laHalab?,Is there another way to get from Damascus to Aleppo?
pronz.RepeatExercise$,642-repeat,nl0657_lms,دمشق هيّة جنوب حلب۔,dimashq heeyey janoob Halab,Damascus is south of Aleppo.
pronz.RepeatExercise$,643-repeat,nl0658_lms,جنوب من۔۔۔,janoob min,South of...
pronz.RepeatExercise$,644-repeat,nl0659_lms,غرب من۔۔۔,gharb min,West of...
pronz.RepeatExercise$,645-repeat,nl0660_lms,شرء من ۔۔۔,shar- min,East of...
pronz.RepeatExercise$,646-repeat,nl0661_lms,شمال من ۔۔۔,shimaal min,North of...
pronz.RepeatExercise$,647-repeat,nl0662_ams,أدّيش ارتفاع دمشق عن سطح البحر؟,ad-deysh irtifaa' dimashq 'an SaTiH ilbaHir?,What is the elevation of Damascus?
pronz.RepeatExercise$,648-repeat,nl0663_lms,ارتفاع دمشق ستمية وتمانين متر (٦٨٠) عن سطح البحر۔,irtifaa' dimashq sitmeeyey witmaaneen mitir 'an saTiH ilbaHir,The elevation of Damascus is 680 meters above sea level.
pronz.RepeatExercise$,649-repeat,nl0664_ams,وين هيّة عالخريطة؟,weyn heeyey 'alKhareeTa?,Where is it on the map?
pronz.RepeatExercise$,650-repeat,nl0665_ams,أدّيشا جديدة هالخريطة؟,ad-deyshaa jdeedey halKhareeTa?,How current is this map?
pronz.RepeatExercise$,651-repeat,nl0666_lms,هالخريطة معمولة سنة ألف وتسعمية وخمسة وتمانين (١٩٨٥)۔,halKhareeTa ma'mooley sint alf wutisi'meeyey wuKhamsa witmaaneen,The map was made in 1985.
pronz.RepeatExercise$,652-repeat,nl0667_ams,شو نوعا هالخريطة؟,shoo no'aa halKhareeTa?,What kind of map is that?
pronz.RepeatExercise$,653-repeat,nl0668_lms,هَي خريطة المدينة۔,hay KhareeT ilmadeeney,This is a city map.
pronz.RepeatExercise$,654-repeat,nl0669_ams,بتئدر تورجيني الطرييء عالخريطة؟,bti-der twarjeenee iT-Taree- 'alKhareeTa?,Can you show me the road on this map?
pronz.RepeatExercise$,655-repeat,nl0670_lms,الطرييء انهد السنة الماضية۔,iT-Taree- inhad is-siney ilmaaDeeyey,The road was destroyed last year.
pronz.RepeatExercise$,656-repeat,nl0671_ams,مين ساكن بهالمنطئة؟,meen saaken bihalmanTi-a?,Who lives in this area?
pronz.RepeatExercise$,657-repeat,nl0672_lms,خلّينا نتطلّع على خريطة العشاير۔,Khaleenaa niT-Tala' 'ala KhareeT il'ashaayir,Let's look at the tribal map.
pronz.RepeatExercise$,658-repeat,nl0673_ams,خريطة القمر الصناعي أي مدينة بتورجي؟,KhareeTit ilqamar iS-Sinaa'ee ay madeeney bitwarjee?,What city does that satellite map show?
pronz.RepeatExercise$,659-repeat,nl0674_lms,خريطة القمر الصناعي بتورجي دمشق۔,KhareeTit ilqamar iS-Sinaa'ee bitwarjee dimashq,The satellite map shows Damascus.
pronz.RepeatExercise$,660-repeat,nl0675_ams,لائي احداسيّاتك باستعمال خطوط الطول وخطوط العرض۔,laa-ee iHdaaseeyaatak bisti'maal KhuTooT iT-Tool wKhuTooT il'arD,Find your coordinates using longitude and latitude.
pronz.RepeatExercise$,661-repeat,nl0676_lms,شو بيعني هالرمز؟,shoo biya'nee har-ramz?,What does this symbol mean?
pronz.RepeatExercise$,662-repeat,nl0677_ams,وين بالتحديد موقع العدو؟,weyn bit-taHdeed mawqi' il'adoo?,Where is the exact location of the enemy?
pronz.RepeatExercise$,663-repeat,nl0679_ams,في طريئة لتجنب هالحاجز؟,fee Taree-a latajan-nub halHaajez?,Is there a way to bypass this obstacle?
pronz.RepeatExercise$,664-repeat,nl0680_ams,نزِل!,inzel!,Get down!
pronz.RepeatExercise$,665-repeat,nl0681_ams,نزِل عالأرض!,inzel 'al-arD!,Get on the ground!
pronz.RepeatExercise$,666-repeat,nl0682_ams,خليك ورا!,Khaleek waraa!,Stay back!
pronz.RepeatExercise$,667-repeat,nl0683_ams,رجَع لورا!,irjaa' lawaraa!,Get back!
pronz.RepeatExercise$,668-repeat,nl0684_ams,خليك برّة!,Khaleek bar-ra!,Keep out!
pronz.RepeatExercise$,669-repeat,nl0685_ams,انتبه!,intibeh!,Beware!
pronz.RepeatExercise$,670-repeat,nl0686_ams,خليك بحدود هالمنطئة!,Khaleek biHdood halmanTi-a!,Stay within this area!
pronz.RepeatExercise$,671-repeat,nl0687_ams,دير بالك من طيارات العدو۔,deer baalak min Tayaaraat il'adoo,Watch for enemy aircraft.
pronz.RepeatExercise$,672-repeat,nl0688_ams,دير بالك من نشاطات حرب العصابات۔,deer baalak min nashaaTaat Harb il'iSaabaat,Watch for guerrilla activities.
pronz.RepeatExercise$,673-repeat,nl0689_ams,احترس!,iHtires!,Be careful!
pronz.RepeatExercise$,674-repeat,nl0690_ams,نزل عالأرض وفضّي سلاحك۔,inzel 'alarD wufaD-Dee slaaHak,Get down and clear your weapon.
pronz.RepeatExercise$,675-repeat,nl0692_ams,راح نرد على أي هجوم۔,raaH nrid 'ala ay hujoom,We will respond to any attack.
pronz.RepeatExercise$,676-repeat,nl0693_ams,لو تأدّمت أكتر، الجنود الأمريكان راح يئتلوك۔,law t-ad-damt aktar, iljunood il-amreekaan raaH yi-itlook,If you advance further, the American soldiers will kill you.
pronz.RepeatExercise$,677-repeat,nl0694_ams,دير بالك، الجنود الامريكان ما راح يترددوا انُن يدافعو عن نفسُن إزا تهدّدوا۔,deer baalak, iljunood ilamreekaan maa raaH yitradadoo in-non yidaaf'oo 'an nafson iza ithadadoo,Please be advised that American soldiers will not hesitate to defend themselves if threatened.
pronz.RepeatExercise$,678-repeat,nl0695_ams,لا تفوت!,laa tfoot,Do not enter!
pronz.RepeatExercise$,679-repeat,nl0696_lms,كيف لازم فوت؟,keef laazem foot?,How should I enter?
pronz.RepeatExercise$,680-repeat,nl0697_ams,دور من هنيك۔,door min huneek,Go around.
pronz.RepeatExercise$,681-repeat,nl0698_ams,عندك موعد؟,'indak maw'ed?,Do you have an appointment?
pronz.RepeatExercise$,682-repeat,nl0699_ams,مين بدك تآبل؟,meen bid-dak it-aabel?,With whom would you like to meet?
pronz.RepeatExercise$,683-repeat,nl0700_ams,أي ساعة الموعد تبعك؟,ay saa'a ilmaw'ed taba'ak?,What time is your appointment?
pronz.RepeatExercise$,684-repeat,nl0701_lms,موعدي الساعة عشرة۔,maw'idee is-saa'a 'ashara,My appointment is at 10 o'clock.
pronz.RepeatExercise$,685-repeat,nl0702_ams,رجاءً استنى لبين ما اتصل بالمحققين العسكريين۔,rajaa-an stan-naa labeyn maa itiSel bilmuHaqiqeen il'askareeyeen,Please wait while I contact army investigators.
pronz.RepeatExercise$,686-repeat,nl0703_ams,انا لازم فتشك أبل ما تفوت عالمعسكر۔,anaa laazem fatshak abil maa tfoot 'almu'askar,I must search you before you enter the compound.
pronz.RepeatExercise$,687-repeat,nl0704_ams,أنا بئدر فتّش بس شخص واحد كل مرّة۔,anaa bi-der fatesh bas shKhS waaHed kil mar-ra,I can search only one person at a time.
pronz.RepeatExercise$,688-repeat,nl0705_ams,انتِ جاي مشان تبلّغ عن جريمة؟,intey jaayey mshaan tbal-legh 'an jareemey?,Are you here to report a crime?
pronz.RepeatExercise$,689-repeat,nl0706_ams,رجاءً روح لمركز الشرطة لتبلّغ عن الجرائم المحلية۔,rajaa-an rooH lamarkez ish-shurTa latibal-legh 'an ij-jaraa-em ilmaHaleeyey,Please go to the police station to report local crimes.
pronz.RepeatExercise$,690-repeat,nl0707_lms,أنا عم دوّر عَ شغل۔,anaa 'am dawir 'a shighil,I am looking for a job.
pronz.RepeatExercise$,691-repeat,nl0708_ams,انا آسف مافي أشغال بهالوأت۔,anaa aasef maafee ashghaal bihalwa-it,I'm sorry there are no jobs at this time.
pronz.RepeatExercise$,692-repeat,nl0709_ams,رجاءً راجعنا كمان مرّة  بعد أسبوع۔,rajaa-an raaji'naa kamaan mar-ra ba'id usboo',Please check again in a week.
pronz.RepeatExercise$,693-repeat,nl0710_ams,هاي منطئة مسدودة۔,hay manTa-a masdoodey,This is a blocked area.
pronz.RepeatExercise$,694-repeat,nl0711_ams,هاي منطئة آمنة۔,hay manTa-a aamney,This is a secured area.
pronz.RepeatExercise$,695-repeat,nl0712_lms,من فضلك خلّيني أمرؤ۔,min faDlak Khaleenee imro-,Please let me through.
pronz.RepeatExercise$,696-repeat,nl0713_ams,ارجع، الدَخلة ممنوعة۔,irjaa', id-daKhley mamnoo'a,Entry is prohibited. Go back.
pronz.RepeatExercise$,697-repeat,nl0714_ams,هاي منطئة معزولة۔,hay manTi-aa ma'zooley,This is a quarantined area.
pronz.RepeatExercise$,698-repeat,nl0715_ams,خلّيك بعيد!,Khaleek b'eed!,Keep away!
pronz.RepeatExercise$,699-repeat,nl0716_ams,وئّف!,wa-ef!,Halt!
pronz.RepeatExercise$,700-repeat,nl0717_ams,طلَعوا برّة كلكُن!,Tla'oo bar-ra kilkun!,Everybody out!
pronz.RepeatExercise$,701-repeat,nl0718_ams,اخلو المنطقة!,iKhloo ilmanTa-a!,Evacuate the area!
pronz.RepeatExercise$,702-repeat,nl0719_lms,مابئدر اترك عيلتي وروح!,maa bi-der itrok 'eyltee wrooH!,I can't leave my family behind!
pronz.RepeatExercise$,703-repeat,nl0720_ams,استعجل!,sta'jel!,Hurry up!
pronz.RepeatExercise$,704-repeat,nl0721_ams,لا حدا يتحرك!,laa Hada yitHar-rak!,Everybody freeze!
pronz.RepeatExercise$,705-repeat,nl0722_ams,لا تدَفشوا! في أكل كتير۔,laa tdafshoo! fee akil kteer,Don't push! We have plenty of food.
pronz.RepeatExercise$,706-repeat,nl0723_lms,بئدر خبرّ؟,bi-der Khab-ber?,May I make a phone call?
pronz.RepeatExercise$,707-repeat,nl0724_ams,ممنوع استعمال الموبايل۔,mamnoo' isti'maal ilmubaayel,No cell phone use.
pronz.RepeatExercise$,708-repeat,nl0725_ams,نضّف مسدسك۔,naD-Def musadasak,Clean your pistol.
pronz.RepeatExercise$,709-repeat,nl0726_ams,عبّي بارودتك۔,'ab-bee baaroodtak,Load your rifle.
pronz.RepeatExercise$,710-repeat,nl0727_ams,حط المخزن بالـ م-١٦ تبعك۔,HuT ilmaKhzan bil em siTa'ish taba'ak,Insert the magazine into your M-16.
pronz.RepeatExercise$,711-repeat,nl0728_ams,ورجيني فجوة الطلقة۔,warjeenee fajwet iT-Talaqa,Show me the chamber.
pronz.RepeatExercise$,712-repeat,nl0730_ams,شيل صمّام الأمان و حلقة الأمان۔,sheel Sam-maam il-amaan wuHalaqet il-amaan,Remove the safety clip and the pull ring.
pronz.RepeatExercise$,713-repeat,nl0731_ams,حدّد هدفك۔,Had-ded hadafak,Identify your target.
pronz.RepeatExercise$,714-repeat,nl0732_ams,شيل جفتك۔,sheel juftak,Pick up your shotgun.
pronz.RepeatExercise$,715-repeat,nl0733_ams,استعمل الهاون الخفيف لأنّو قصير المدى وعبوتو صغيرة۔,sta'mel ilhaawin ilKhafeef li-an-no qaSeer ilmadaa wu'ubwooto zgheerey,Use a light mortar for its short-range and small-explosive charge.
pronz.RepeatExercise$,716-repeat,nl0734_ams,استعمل مؤشّر باروتك۔,sta'mel mu-ash-sher baaroodtak,Use your sights.
pronz.RepeatExercise$,717-repeat,nl0735_ams,لقّم سلاحك!,laq-qem silaaHak!,Rack the bolt!
pronz.RepeatExercise$,718-repeat,nl0736_ams,حضّر الآر بي جي تبعك۔,HaD-Dir il-aar bey jey taba'ak,Prepare your RPG (rocket-propelled grenade).
pronz.RepeatExercise$,719-repeat,nl0737_ams,أطلق النار!,iTliq in-naar!,Fire!
pronz.RepeatExercise$,720-repeat,nl0738_ams,ارمي لما بيجيك الأمر۔,irmee lam-maa bijeek il-amir,Fire when given the signal.
pronz.RepeatExercise$,721-repeat,nl0739_ams,وئّف اطلاق النار۔,wa-ef iTlaaq in-naar!,Cease fire!
pronz.RepeatExercise$,722-repeat,nl0740_ams,نحنا عم ندّور عالأسلحة اللي عم تستعمل ضد القوات الوطنية والتحالف۔,niHna 'am indawir 'ala il-aslieHa ilee 'am tusta'mal Dud ilqoowaat ilwaTaneeyey wit-taHaaluf,We are looking for weapons that are being used to hurt national and coalition forces.
pronz.RepeatExercise$,723-repeat,nl0741_ams,نحنا عم ندّور على مواد لتصنيع القنابل۔,niHna 'am indawir 'ala mawaad lataSnee' ilqanaabel,We're looking for bomb-making materials.
pronz.RepeatExercise$,724-repeat,nl0742_ams,نحنا عم نفتّش لنصادر كل الأسلحة الغير قانونية۔,niHna 'am infat-tesh lanSaader kil il-asliHa ilgheyr qaanooneeyey,We're looking to confiscate any illegal weapons.
pronz.RepeatExercise$,725-repeat,nl0743_ams,وين الاسلحة؟,weyn il-asliHa?,Where are the weapons?
pronz.RepeatExercise$,726-repeat,nl0744_ams,عندك أسلحة؟,indak asliHa?,Do you have weapons?
pronz.RepeatExercise$,727-repeat,nl0745_ams,وين مخزّنة الأسلحة؟,weyn mKhaz-zaney il-asliHa?,Where are the weapons stored?
pronz.RepeatExercise$,728-repeat,nl0746_lms,الأسلحة مخزونة بالبيوت۔,il-asliHa maKhzooney bil-libyoot,The weapons are stored in houses.
pronz.RepeatExercise$,729-repeat,nl0747_ams,شايل معك أسلحة؟,shaayel ma'ak asliHa?,Are you carrying weapons?
pronz.RepeatExercise$,730-repeat,nl0748_lms,عندي رشاش مشان دافع فيه عن نفسي۔,andee rash-shaash mshaan daafi' feeh 'an nafsee,I have a rifle for my own protection.
pronz.RepeatExercise$,731-repeat,nl0749_ams,في أي متفجرات بالمنطقة؟,fee ay mutafaj-jiraat bilmanTiqa?,Are there any explosives in the area?
pronz.RepeatExercise$,732-repeat,nl0750_lms,في حقل ألغام أريب من الضيعة۔,fee Haqil alghaam areeb min iD-Dey'a,There is a minefield near the village.
pronz.RepeatExercise$,733-repeat,nl0751_ams,شفت عبوة ناسفة؟,shift 'ubwey naasfey?,Did you see an IED?
pronz.RepeatExercise$,734-repeat,nl0752_ams,لاحزت إزا كان في عبوة ناسفة/ قنبلة مزروعة؟,laaHazit izaa kaan fee 'ubwey naasfey / qunbley mazroo'a?,Did you observe an IED/bomb being placed?
pronz.RepeatExercise$,735-repeat,nl0753_ams,شو نوع الأسلحة؟,shoo no' il-asliHa?,What type of weapons?
pronz.RepeatExercise$,736-repeat,nl0754_ams,جيب أسلحتك لهون۔,jeeb asliHtak lahon,Bring your weapons over here.
